id,paper,exam_round,year,question_number,variant,taxonomy_code,prompt_md,option_a,option_b,option_c,option_d,option_e,answer,explanation_md,question_type,source_ref,review_status,enabled,updated_at
mock-p2-r1-y107-q002,p2,1,107,2,,,有關布巾類的整理與準備，下列敘述何者不正確？,熨燙布巾的溫度應保持在 100°C\~120°C 之間,布巾沾到紅酒漬時，可以將鹽加入蘇打水中混合清洗,布巾沾到咖啡漬時，可以將水和硼砂以6：1 混合清洗,不可將檯布與口布拿來作清潔用途使用,,B,,single-choice,117-1專二試題\auto\117-1專二試題.md#q2,needs-review,FALSE,
mock-p2-r1-y107-q023,p2,1,107,23,,,摺疊餐巾時，餐廳從業人員為求成品的外觀對稱、立體，對於每款餐巾都有不同的細節要求，試問，下列細節要求何者正確？,包葡萄酒瓶：口布推摺等份時，摺寬不一定要平均,蓮花座：成型的口布需保持弧度的立體感,步步高升：需將成型的口布壓平,天堂鳥：摺成任何三角形時，四層布的角需對齊,,D,,single-choice,117-1專二試題\auto\117-1專二試題.md#q23,needs-review,FALSE,
mock-p2-r1-y107-q024,p2,1,107,24,,,有關檯心布鋪設的順序，下列何者正確？甲、檯心布開口摺邊朝自己，多摺向上乙、將最下方檯布拋出丙、雙手手指夾取第一、二層檯布丁、將檯心布左右撐開戊、將檯心布輕往後拉己、檢視四周下擺是否等齊,甲→乙→丙→丁→戊→己,甲→丁→丙→乙→戊→己,甲→乙→丁→丙→戊→己,甲→丁→乙→丙→戊→己,,B,,single-choice,117-1專二試題\auto\117-1專二試題.md#q24,needs-review,FALSE,
mock-p2-r1-y107-q025,p2,1,107,25,,,有關各式托盤的使用原則與注意事項，下列敘述何者不正確？,圓托盤直徑以12\~14 吋規格較為普遍，在餐廳的使用率較高,長方形托盤尺寸約為5 吋到10 吋之間，適合運送較多量的餐具或菜餚,橢圓形托盤尺寸約為8吋到12吋，適用於高級餐廳、宴會或酒吧，主要用於端送飲料和食物,金屬托盤有亮麗的光澤，且表面不易留下指痕及刮痕,,D,,single-choice,117-1專二試題\auto\117-1專二試題.md#q25,needs-review,FALSE,
mock-p2-r1-y107-q026,p2,1,107,26,,,當餐廳外場服務人員需要一次端送四個餐盤菜餚，送至顧客面前時，最有技巧性的端送方法為下列何者？,手腕式,手心式,挾盤式,以托盤運送,,C,,single-choice,117-1專二試題\auto\117-1專二試題.md#q26,needs-review,FALSE,
mock-p2-r1-y107-q027,p2,1,107,27,,,為顧客收拾殘盤時，服務人員應遵守「三S 原則」，請問其操作步驟依序為下列何者？,Scrape→Stack→Separate,Scrape→Separate→Stack,Stack→Scrape→Separate,Stack→Separate→Scrape,,A,,single-choice,117-1專二試題\auto\117-1專二試題.md#q27,needs-review,FALSE,
mock-p2-r1-y107-q028,p2,1,107,28,,,服務人員端送杯皿給顧客時，單手拿單杯時的拿法與注意事項，下列何者不正確？,持高腳杯時，手持杯腳不得觸碰杯身,持圓筒形高杯的中式茶杯時，以拇指、食指或中指握於杯緣外側,持有耳瓷杯時，以大拇指、食指及中指握住把手,持平底杯時，手持杯身下方的位置不得觸碰杯口,,B,,single-choice,117-1專二試題\auto\117-1專二試題.md#q28,needs-review,FALSE,
mock-p2-r1-y107-q029,p2,1,107,29,,,餐廳服務人員上菜時應注意的事項，下列何者錯誤？,最佳上菜地帶為顧客的人中與胸部之間的位置,最佳服務地帶為顧客的肩膀與桌角之間的位置,優先服務女士，再服務男士,賓客中若有年長者與年輕者，優先服務年輕者,,D,,single-choice,117-1專二試題\auto\117-1專二試題.md#q29,needs-review,FALSE,
mock-p2-r1-y107-q030,p2,1,107,30,,,下列何者不是餐桌佈置的衛生安全原則？,確保餐桌與餐椅的穩固與安全,餐桌上宜擺放鮮花以增加用餐氣氛,餐具應持光亮與潔淨,檯布與口布應保持乾淨並經常換洗,,B,,single-choice,117-1專二試題\auto\117-1專二試題.md#q30,needs-review,FALSE,
mock-p2-r1-y107-q031,p2,1,107,31,,,有關中餐宴席餐桌佈置的步驟，下列何者正確？,架設餐桌→鋪設檯布→擺放轉檯→擺放餐巾→擺放餐具→擺放調味品及公用物品→擺放餐椅,架設餐桌→鋪設檯布→擺放轉檯→擺放餐具→擺放調味品及公用物品→擺放餐巾→擺放餐椅,架設餐桌→鋪設檯布→擺放轉檯→擺放餐具→擺放餐巾→擺放調味品及公用物品→擺放餐椅,架設餐桌→鋪設檯布→擺放轉檯→擺放餐具→擺放餐巾→擺放餐椅→擺放調味品及公用物品,,C,,single-choice,117-1專二試題\auto\117-1專二試題.md#q31,needs-review,FALSE,
mock-p2-r1-y107-q032,p2,1,107,32,,,有關西餐餐具的擺設原則，下列何者錯誤？,點心叉與點心匙放於定位盤的兩側,刀、匙置於右側,餐具間保持0.5\~1 公分的距離,定位盤的左右，以不超過3 支餐具為原則,,A,,single-choice,117-1專二試題\auto\117-1專二試題.md#q32,needs-review,FALSE,
mock-p2-r1-y107-q033,p2,1,107,33,,,顧客單點菜餚後，服務人員在桌上擺設口布、水杯、點心刀及點心叉，請問，此項單點菜餚最可能為下列何者？,Spaghetti,Banana,Caviar,"Mousse

## 第二部分：飲料與調酒",,B,,single-choice,117-1專二試題\auto\117-1專二試題.md#q33,needs-review,FALSE,
mock-p2-r1-y107-q034,p2,1,107,34,,,飲料是日常生活中可以飲用的液體，有關飲料的敘述，下列何者錯誤？,Alcoholic Beverages 皆屬於 Hard Drinks,Non-alcoholic Beverages 皆屬於 Soft Drinks,Frozen Drinks 的適合飲用溫度為 $5 { \sim } 1 2 ^ { \circ } \mathrm { C }$,Prepared Drinks 屬於現場調製飲料,,C,,single-choice,117-1專二試題\auto\117-1專二試題.md#q34,needs-review,FALSE,
mock-p2-r1-y107-q035,p2,1,107,35,,,顧客點選一杯雞尾酒─「鹽狗」飲用，若配方為 30 ml 的伏特加(酒精濃度 80 proof)和 200 ml葡萄柚汁，請問該杯雞尾酒的酒精濃度最接近下列何者？,5.22%,7.83%,10.43%,13.04%,,A,,single-choice,117-1專二試題\auto\117-1專二試題.md#q35,needs-review,FALSE,
mock-p2-r1-y107-q036,p2,1,107,36,,,臺灣第一家本土咖啡連鎖店─丹堤咖啡，於何時成立？,民國 80 年,民國 82 年,民國 86 年,民國 87 年,,B,,single-choice,117-1專二試題\auto\117-1專二試題.md#q36,needs-review,FALSE,
mock-p2-r1-y107-q037,p2,1,107,37,,,依食品衛生管理法─飲料類衛生標準的規定，有容器或包裝的茶及可可飲料，咖啡因含量應不得超過多少？,20 PPM,320 PPM,500 PPM,無特別標示,,C,,single-choice,117-1專二試題\auto\117-1專二試題.md#q37,needs-review,FALSE,
mock-p2-r1-y107-q038,p2,1,107,38,,,飲料店在臺灣遍布大街小巷，有關飲料店特性的說明，下列何者錯誤？,專業技術低,空間選擇性高,銷售頻率高,投資成本高,,D,,single-choice,117-1專二試題\auto\117-1專二試題.md#q38,needs-review,FALSE,
mock-p2-r1-y107-q039,p2,1,107,39,,,氣溫和雨量是茶樹生長的重要條件，有關茶樹適合生長的環境，下列敘述何者不正確？,海拔約 600\~1500 公尺的山坡地,年雨量約 1500\~3000 公釐,年均溫約 18\~25°C,相對溼度 65%左右,,D,,single-choice,117-1專二試題\auto\117-1專二試題.md#q39,needs-review,FALSE,
mock-p2-r1-y107-q040,p2,1,107,40,,,紅茶的飲用蔚為風潮，有關世界上各國產製紅茶的說明，下列何者正確？,肯亞紅茶種植在沿著赤道的海拔高原，味道濃郁甘醇,Uva紅茶的單寧含量少，口感平順，適合調製水果茶或奶茶,Assam 紅茶被喻為紅茶之王，有紅茶的香檳之稱,雲南省的滇紅紅茶，在歐洲被稱為中國茶的干邑白蘭地,,A,,single-choice,117-1專二試題\auto\117-1專二試題.md#q40,needs-review,FALSE,
mock-p2-r1-y107-q041,p2,1,107,41,,,製作茶葉的過程中，「使茶葉轉動相互摩擦，造成芽葉部分組織細胞破壞，汁液流出黏附在芽葉表面」，屬於下列哪一項製程？,萎凋,殺菁,揉捻,發酵,,C,,single-choice,117-1專二試題\auto\117-1專二試題.md#q41,needs-review,FALSE,
mock-p2-r1-y107-q042,p2,1,107,42,,,下列哪一種茶葉的製程為:「茶菁→日光萎凋→室內萎凋及攪拌→炒菁→揉捻→乾燥→精製」？,白毫烏龍茶,碧螺春,紅茶,普洱茶,,A,,single-choice,117-1專二試題\auto\117-1專二試題.md#q42,needs-review,FALSE,
mock-p2-r1-y107-q043,p2,1,107,43,,,臺灣的地理環境及氣候非常適合茶樹生長，下列哪種茶葉不屬於臺灣西半部製造的茶葉？,海山龍井茶,長安茶,雲頂茶,太峰高山茶,,D,,single-choice,117-1專二試題\auto\117-1專二試題.md#q43,needs-review,FALSE,
mock-p2-r1-y107-q044,p2,1,107,44,,,茶具有特殊香氣與甘美滋味，有關茶葉成分的敘述，下列何者不正確？,茶鹼具有提神醒腦和利尿的功能,茶葉中單寧酸的含量佔40%,胺基酸是構成茶滋味的主要因素之一,茶中含有豐富礦物質，屬於鹼性食物,,B,,single-choice,117-1專二試題\auto\117-1專二試題.md#q44,needs-review,FALSE,
mock-p2-r1-y107-q045,p2,1,107,45,,,茶葉發酵是指茶菁內的酵素作用，而茶葉發酵程度對茶湯的影響，下列何者錯誤？,,,,,,B,,essay,117-1專二試題\auto\117-1專二試題.md#q45,needs-review,FALSE,
mock-p2-r1-y107-q046,p2,1,107,46,,,茶葉的外形及鬆緊程度會決定茶葉沖泡時的用量，下列哪種茶葉在茶壼內置放的用量需最多？,凍頂茶,水仙,文山包種茶,龍井茶,,C,,single-choice,117-1專二試題\auto\117-1專二試題.md#q46,needs-review,FALSE,
mock-p2-r1-y107-q047,p2,1,107,47,,,茶葉依發酵程度及外形等因素決定其沖泡溫度，下列哪一種沖泡溫度最低？,碧螺春,鐵觀音,白毫烏龍茶,紅茶,,A,,single-choice,117-1專二試題\auto\117-1專二試題.md#q47,needs-review,FALSE,
mock-p2-r1-y107-q048,p2,1,107,48,,,各種品茗用茶具中，具有賞茶與置茶功能的茶用具為下列何者？,茶盅,茶則,茶匙,茶荷,,D,,single-choice,117-1專二試題\auto\117-1專二試題.md#q48,needs-review,FALSE,
mock-p2-r1-y107-q049,p2,1,107,49,,,品茗是用心體會，再加上嗅覺、視覺、味覺的多重感受，有關品茗的順序，下列敘述何者正確？,聞其香→觀其色→品其味→察其底,察其底→聞其香→品其味→觀其色,聞其香→觀其色→察其底→品其味,觀其色→察其底→聞其香→品其味,,A,,single-choice,117-1專二試題\auto\117-1專二試題.md#q49,needs-review,FALSE,
mock-p2-r1-y107-q050,p2,1,107,50,,,冷泡茶是以冰水長時間浸泡茶葉而成，請問以綠茶進行冷泡茶時需要多久時間？,2 小時,4 小時,12 小時,"16 小時

【以下空白】",,B,,single-choice,117-1專二試題\auto\117-1專二試題.md#q50,needs-review,FALSE,
mock-p2-r2-y107-q001,p2,2,107,1,,,餐廳介紹禮儀情境題：有一位服務員正接待一位重要的賓客，現場還有餐廳主管在餐廳內等候，角色1：服務員－宋惠橋，角色2：重要賓客－智業文化出版社公司李光珠董事長，角色3：餐廳經理－宋中基。請問當時服務員應該如何介紹，依介紹的禮儀的順序，如何才是合宜的介紹禮儀呢？,①您好，您就是李董事長嗎？②我是服務員宋惠橋，這是我們的餐廳經理一宋中基／③您好，我是經理宋中基,①李董事長，您好／②我是宋惠橋，他是經理一宋中基,①您好，我是服務員宋惠橋／②李董事長，您好，這是我們的餐廳經理一宋中基／③宋經理，智業文化出版社公司李光珠董事長,李董事長您好，這是我們的餐廳經理－宋中基／宋經理，智業文化出版社公司李光珠董事長／我是服務員宋惠橋,,C,,single-choice,117-2專二試題\auto\117-2專二試題.md#q1,needs-review,FALSE,
mock-p2-r2-y107-q002,p2,2,107,2,,,下列各種餐廳服勤設備中，會在客人的面前或桌邊提供食物製備服務的設備共有幾種？①Reception Desk ②Flambé Trolley Trencher Wagon④Service Station ⑤Food Warmer Cart ⑥Tray Stand,2 種,3 種,4 種,5 種,,B,,single-choice,117-2專二試題\auto\117-2專二試題.md#q2,needs-review,FALSE,
mock-p2-r2-y107-q003,p2,2,107,3,,,在銀盤式服務為主的高級餐廳中，其下列各種餐廳餐具，共有幾種並非提供給客人用餐使用，而是屬於服務用的器具？Spaghetti Tongs Carving Knife Lobster Pick④Long Drink Spoon ⑤Grapefruit Spoon ⑥Salmon Knife,2 種,3 種,4 種,5 種,,B,,single-choice,117-2專二試題\auto\117-2專二試題.md#q3,needs-review,FALSE,
mock-p2-r2-y107-q004,p2,2,107,4,,,"智業餐廳推出的今日早餐及午餐特選菜單中，請依據下列菜單所羅列的餐點判斷哪一種宗教信仰的客人可以安心享用這套菜單？

![](images/a4fc99753b4daddc10a4b4e3877a948e952390b7d23790ec3a32a1aaf63c84e7.jpg)",印度教,摩門教,回教,基督教,,D,,single-choice,117-2專二試題\auto\117-2專二試題.md#q4,needs-review,FALSE,
mock-p2-r2-y107-q005,p2,2,107,5,,,智業咖啡館是一家個性化獨立經營的咖啡館，採用櫃檯式服務，客人自行到櫃台點餐及取餐，客人自行在店內選擇喜歡的座位入座，離開時，協助將殘杯盤放置餐檯回收處，根據以上所敘述之特色，較適合智業咖啡館所呈現的菜單類型為哪一種？,懸掛形菜單,書本形菜單,平版電腦式菜單,摺疊形菜單,,A,,single-choice,117-2專二試題\auto\117-2專二試題.md#q5,needs-review,FALSE,
mock-p2-r2-y107-q006,p2,2,107,6,,,有關日本料理的進餐禮儀，下列敘述何者不正確？,開胃菜由三種小菜組成，通常是從左側先吃、再吃右側，最後吃中間的小菜,喝味噌湯時，應將碗端起，以碗就口，以「一口湯、一口湯料」的方式交互食用,飯、汁物、香之物通常一起上桌，應先喝湯、再吃飯、然後再與醃菜(香之物)交互食用,食用刺身時，先吃油脂少的白肉(如旗魚)，再吃油脂多的紅肉(如鮭魚),,C,,single-choice,117-2專二試題\auto\117-2專二試題.md#q6,needs-review,FALSE,
mock-p2-r2-y107-q007,p2,2,107,7,,,實習老師小美上台進行教學演示，講解並示範如何正確擦拭餐具，下列哪一個部分，小美老師說明錯誤？,首先，擦拭餐具時，未擦拭之餐具應擺在桌上，並準備一桶熱水及擦拭餐具的布巾進行擦拭，擦拭完成之餐具才擺入鋪上乾淨布巾之托盤,現在老師左手取布巾一角拿取握柄，檢視餐刀有無汙垢或損壞，然後將餐刀置於熱水上方薰蒸,接著，右手取布巾另一端來回擦拭刀刃正、反兩面,同學注意喔，我們在擦拭餐刀時，應將刀刃朝右，以免割傷,,D,,single-choice,117-2專二試題\auto\117-2專二試題.md#q7,needs-review,FALSE,
mock-p2-r2-y107-q008,p2,2,107,8,,,餐廳的服務檯是用來放置經常使用的餐具備品，以方便服務員立即有效率的取用，以提供客人快速的服務，下列選項中的餐具所列出的餐具放置於右圖服務檯相對應的位置 上，何者較不適宜？ 壺,菜單、麵包籃、花瓶及水,刀、叉、匙,餐盤、咖啡杯及底盤,"布巾、托盤

![](images/cd495f03e03d9010e308d9f0b80129daa879d8be17f7e43c8b6055892d476b43.jpg)",,B,,single-choice,117-2專二試題\auto\117-2專二試題.md#q8,needs-review,FALSE,
mock-p2-r2-y107-q009,p2,2,107,9,,,有關口布的介紹，下列敘述何者不正確？,口布又稱為餐巾，古羅馬時期，人們常使用一條布巾，圍在脖子上，為避免弄髒衣物，現今，已改為平鋪於顧客雙腿上,用餐時，口布可用來擦拭嘴角或避免餐屑、湯汁等食物沾污衣物,早餐或早茶使用的口布規格通常是55cm 55cm,混紡材質的口布，清洗後不易產生皺摺，但吸水及去污性較弱,,C,,single-choice,117-2專二試題\auto\117-2專二試題.md#q9,needs-review,FALSE,
mock-p2-r2-y107-q010,p2,2,107,10,,,口布的用途可分為觀賞、客用及服勤三大用途，下列各種不同口布款式，適合做為客用口布的共有幾款？①金字塔 ②和服 ③立西 ④法國摺 ⑤帳篷 ⑥靴子,2 款,3 款,4 款,5 款,,B,,single-choice,117-2專二試題\auto\117-2專二試題.md#q10,needs-review,FALSE,
mock-p2-r2-y107-q011,p2,2,107,11,,,依據口布的摺疊技巧，下列口布款式中，以對角法為開始第一摺的共有幾款？①雨後春筍 ②帳篷 ③土地公 ④法國摺 ⑤西裝 ⑥濟公帽,2 款,3 款,4 款,5 款,,C,,single-choice,117-2專二試題\auto\117-2專二試題.md#q11,needs-review,FALSE,
mock-p2-r2-y107-q012,p2,2,107,12,,,餐廳在佈置方型餐桌時，從完整鋪設檯布到定位口布，從桌面由下而上的順序分別是哪些布巾？,Napkin/Overlay/Table Cloth/Silence Pad Cloth,Napkin/Table Cloth/Overlay/Silence Pad Cloth,Silence Pad Cloth/Overlay/Table Cloth/Napkin,Silence Pad Cloth/Table Cloth/Overlay/Napkin,,D,,single-choice,117-2專二試題\auto\117-2專二試題.md#q12,needs-review,FALSE,
mock-p2-r2-y107-q013,p2,2,107,13,,,有關餐桌的架設方法，下列何者方式或步驟並不正確？,左叉右刀匙,點心餐具：匙上叉下,餐叉齒朝上、柄朝下,杯子直線形擺法由上往下 45°依序為：水杯—白酒杯—紅酒杯,,A,,single-choice,117-2專二試題\auto\117-2專二試題.md#q13,needs-review,FALSE,
mock-p2-r2-y107-q018,p2,2,107,18,,,根據西餐擺設的原則及用餐的需求，下列單點菜單中必須在事前擺設或隨餐時，附給客人洗手盅的共有幾種菜餚？①Shrimp Cocktail ②Oyester ③Cayiar ④Labster ⑤Mousse ⑥Souffle,2 種,3 種,4 種,5 種,,A,,single-choice,117-2專二試題\auto\117-2專二試題.md#q18,needs-review,FALSE,
mock-p2-r2-y107-q019,p2,2,107,19,,,高雄縣內門鄉的「總舖師」可說是「頂港有名聲，下港有出名」，是全臺灣總舖師最密集的鄉鎮，可說是臺灣「食神之鄉」，請問臺灣特有的「辦桌」文化，是屬於哪一種餐飲服務方式？,Institutional Food Service,Catering Service,Banquet Service,Take out Service,,B,,single-choice,117-2專二試題\auto\117-2專二試題.md#q19,needs-review,FALSE,
mock-p2-r2-y107-q020,p2,2,107,20,,,小天一家人暑假到沖繩自駕旅行，午餐是在飛機上享用飛機餐，晚上則是在日本便利商店Lawson 買日式燒肉便當，小天的兒子逛國際通時，因為口渴買了販賣機的果汁享用。隔天中午享用了小天最愛的燒肉放題(吃到飽)，下午則在媽媽最愛的星巴克悠閒喝咖啡、吃點心。請依文中敘述的內容及順序，排列小天一家人旅行中遇到的餐飲服務方式？,Cabin Catering Service/Convenience Food Service/Vending Machine Service/Buffet Service/ Counter Service,In-Flight Service/Convenience Food Service/Mobile Canteen Service Service/Buffet Service/ Counter Service,In-Flight Service/Convenience Food Service/Vending Machine Service/Buffet Service/Self Service,Cabin Catering Service/Cafeteria Service/Vending Machine Service/Buffet Service/Table Service,,A,,single-choice,117-2專二試題\auto\117-2專二試題.md#q20,needs-review,FALSE,
mock-p2-r2-y107-q021,p2,2,107,21,,,下列哪一種餐桌服務的服務員需要精準的分菜服務及調理、攪拌、切割與去骨的技術？,中餐廳預先擺放一個「骨盤」，原先是為了放骨頭或魚刺之用，現在則是用來裝盛分菜的菜餚,小吃服務是指一般平價餐廳，屬於團體的用餐方式，菜單多制式化,分菜的順序從主賓開始，以右手從顧客右側挾取菜餚至其骨盤中，接著依順時針方向進行，最後才是服務主人,高級的宴席分菜服務多會統一空出一個席位的空間，做為分菜口，通常設於主人的右側,,D,,single-choice,117-2專二試題\auto\117-2專二試題.md#q21,needs-review,FALSE,
mock-p2-r2-y107-q023,p2,2,107,23,,,智業文化出版社辦理餐旅名人開講系列活動，邀請到臺灣法國料理名廚江振誠演講，參與的民眾多達千人，舉辦場地的飯店應將此場演講以何種場地布置形式呈現較為適當？,戲院型排列法,教室型排列法,口字形排列法,U 字型排列法,,A,,single-choice,117-2專二試題\auto\117-2專二試題.md#q23,needs-review,FALSE,
mock-p2-r2-y107-q024,p2,2,107,24,,,下列哪一種餐飲服務器具或設備，比較不會出現在客房餐飲服務(Room Service)中？,Oloroso Sherry,"## 26-30 題為題組

為了慶祝母親節，傑倫一家人(傑倫媽媽、昆玲、傑倫女兒小周周)前往智業法式西餐廳用餐，餐廳事先知道有 VIP 貴賓到來，已事先安排好坐位，並進行基本餐具擺設。當天，傑倫媽媽主餐點了蛋煎起司鯛魚排，傑倫的主餐是黛安娜火焰牛排、昆玲的主餐是法式嫩煎雞排，經侍酒師推薦後，傑倫還點一瓶玫瑰紅酒來搭配主餐，附餐飲料則是三杯熱拿鐵咖啡。用餐過程服務員依點菜內容依序上菜收盤，提供良好精緻的優質服務，結帳時，傑倫以信用卡付款，發現結帳金額較預期的少，原來是餐廳經理招待玫瑰紅酒，傑倫為表感謝餐廳提供精緻的服務，也特別和經理及服務員簽名並合影留念。",Port,Rosso Vermouth,,C,,single-choice,117-2專二試題\auto\117-2專二試題.md#q24,needs-review,FALSE,
mock-p2-r2-y107-q026,p2,2,107,26,,,領檯員應將傑倫一家人安排坐於何處的位置較為適當？,安排於角落或較隱密的座位,安排於窗邊安靜且視野好的位置,安排於出入口的座位，方便進出,安排於吧檯或開放廚房旁，看得到內場人員的製備餐點及飲料,,A,,single-choice,117-2專二試題\auto\117-2專二試題.md#q26,needs-review,FALSE,
mock-p2-r2-y107-q027,p2,2,107,27,,,領檯員帶位入座時，應先請傑倫一家人的哪位貴賓先行入座，為他拉開椅子？,4 歲的小周周,傑倫媽媽,傑倫,昆玲,,B,,single-choice,117-2專二試題\auto\117-2專二試題.md#q27,needs-review,FALSE,
mock-p2-r2-y107-q028,p2,2,107,28,,,由於餐廳事先已為傑倫預約的餐桌擺設基本餐具，請問服務員點餐後應該為哪位客人重新調整餐具？,傑倫媽媽,,昆玲,傑倫、傑倫媽媽及昆玲,,B,,single-choice,117-2專二試題\auto\117-2專二試題.md#q28,needs-review,FALSE,
mock-p2-r2-y107-q029,p2,2,107,29,,,侍酒師在主餐前為傑倫一家人進行酒類服勤，先進行酒類介紹、調整酒溫、開酒、試酒、倒酒的專業服務，請問進行試酒時，侍酒師應該請哪一位試酒較適合？,侍酒師自己試,傑倫媽媽,傑倫,昆玲,,C,,single-choice,117-2專二試題\auto\117-2專二試題.md#q29,needs-review,FALSE,
mock-p2-r2-y107-q030,p2,2,107,30,,,請問餐廳經理招待的玫瑰紅酒，在餐廳的付款記錄上應登錄為何者？,Drink Vouchers,City Ledger,ENT(Entertainment),House Use,,C,,single-choice,117-2專二試題\auto\117-2專二試題.md#q30,needs-review,FALSE,
mock-p2-r2-y107-q031,p2,2,107,31,,,"下列哪一種塑膠材質回收標誌為聚氯乙烯，此種材質經過焚化後會產生戴奧辛，許多國家禁用？

![](images/e0f560f2c2fc612d1be1bf9815baaa94a6ace4c78a452207e3e49008a5fc393f.jpg)  
PET

![](images/ec2d48c0f08b164526f0445cba904c6d9a975f5ac9a606db87adb872ca647395.jpg)  
HDPE

![](images/fab7bf3b59554b6e67004b5e82bf9497a6f15eaad09e22c63af01dd798cd8e81.jpg)  
PVC

![](images/c4fc9205860283269be05d2e0152b7d105092a62c28ae658ec58485ae37edc7a.jpg)  
LDPE",,,,,,C,,essay,117-2專二試題\auto\117-2專二試題.md#q31,needs-review,FALSE,
mock-p2-r2-y107-q032,p2,2,107,32,,,我國自91 年起推動購物用塑膠袋減量工作(限塑政策)，規定量販店、超級市場、連鎖便利商店等7 大類約2 萬家商店不得免費提供購物用塑膠袋，以養成民眾自備購物袋的習慣。今年更是擴大實施，預計將於2030 年全面禁用。下列何者非限塑政策中禁用的項目？,一次性塑膠吸管,免洗餐具,飲料杯,衛生筷,,D,,single-choice,117-2專二試題\auto\117-2專二試題.md#q32,needs-review,FALSE,
mock-p2-r2-y107-q033,p2,2,107,33,,,有關餐廳安全維護與緊急事件的應對，下列敘述何者錯誤？,飯店或餐廳若有安全門必須是防火材質，平常應保持關閉狀態，但勿上鎖,使用瓦斯爐灶時，應先打點火槍，點著母火，再開瓦斯點燃子火,食物中毒如為誤食農藥，應該讓患者喝下牛奶、鹽水或澱粉水等,"取熱鍋時，避免燙傷的方式是使用濕抹布端取熱鍋

## 第二部分：飲料與調酒",,D,,single-choice,117-2專二試題\auto\117-2專二試題.md#q33,needs-review,FALSE,
mock-p2-r2-y107-q034,p2,2,107,34,,,"看過 007 系列電影的大家，一定對裡面詹姆士龐德說的這句台詞印象深刻：「Vodka Martini,Shaken, not stirred」，讓人也想去酒吧帥氣的點一杯來喝，請問詹姆士龐德喜愛的這款酒，依照雞尾酒之分類方式，何者屬之？",Short Drinks/Dry Drinks,,Long Drinks/Cream Drinks,Long Drinks/Dry Drinks,,A,,single-choice,117-2專二試題\auto\117-2專二試題.md#q34,needs-review,FALSE,
mock-p2-r2-y107-q035,p2,2,107,35,,,調酒師取用酒類材料時，想要了解該款酒類的酒精濃度時必須注意酒標上酒精濃度的標示，下列哪一種標示並非指酒精濃度？,臺北市長小柯—木柵鐵觀音：口感濃郁而甘醇，略帶純和的弱果酸味，飲入後芬芳香氣持久不散，且回甘於喉，讓人欲罷不能,新北市長小朱—石門鐵觀音：石門觀音係以鮮嫩的茶葉製成，且揉捻程度適中，因此葉面展開速度較慢，可耐久泡。加上茶身渾厚，消水程度又高，沖泡後，葉底鋸齒邊緣有紅邊，葉中呈淡綠色，此為標準鐵觀音中發酵茶的重點,南投縣長小明—鶴岡紅茶：即是台茶8 號，又名「紅玉」，其茶湯鮮紅清澈，滋味甘潤醇美，除具有天然肉桂香外，尚有淡淡薄荷香，此迷人香氣即源自臺灣野生山茶，讓人品嚐後久久無法忘懷,屏東縣長小潘—港口茶：不同於高山茶泡法，應該是老烏龍及鐵觀音泡法，茶微帶海風的清香，雖不如高山茶的香氣，但也獨具特別的茶香，味道中帶一點淡淡海藻和海水的味道，把茶的醇厚表現得很好,,C,,single-choice,117-2專二試題\auto\117-2專二試題.md#q35,needs-review,FALSE,
mock-p2-r2-y107-q037,p2,2,107,37,,,智業紅茶亭是一間紅茶茶飲專賣店，其中多款茶飲更以該紅茶品種的特色或稱號命名，下列何者非該店所賣的紅茶飲料？,茶中香檳,天使的贈予,黃金杯,威爾斯王子茶,,B,,single-choice,117-2專二試題\auto\117-2專二試題.md#q37,needs-review,FALSE,
mock-p2-r2-y107-q038,p2,2,107,38,,,人氣旅行部落客：小氣少年入住京都旅店時分享最喜歡在清晨時沖泡一杯旅店提供的日式茶包，下列何種茶品不會是日本旅店提供的日式綠茶？,眉茶,煎茶,抹茶,玉露茶,,A,,single-choice,117-2專二試題\auto\117-2專二試題.md#q38,needs-review,FALSE,
mock-p2-r2-y107-q039,p2,2,107,39,,,「功夫茶沖泡法」講究茶葉沖泡的步驟及使用的器皿，下列哪一個茶具在沖泡茶葉的過程中不會碰觸到任何茶湯或廢水？,茶海,茶盤,水方,茶漏,,D,,single-choice,117-2專二試題\auto\117-2專二試題.md#q39,needs-review,FALSE,
mock-p2-r2-y107-q040,p2,2,107,40,,,不同發酵程度的茶有著不同的製茶過程，下列哪一個製茶步驟是任何一種茶都具備的程序？,萎凋,殺菁,發酵,乾燥,,D,,single-choice,117-2專二試題\auto\117-2專二試題.md#q40,needs-review,FALSE,
mock-p2-r2-y107-q041,p2,2,107,41,,,摩卡咖啡中的摩卡有很多意義，下列的說明何者不正確？,摩卡壺是指法國人發明的沖煮咖啡的用具,摩卡港：位於阿拉伯半島上的國家，葉門的港口名稱，但現今已淤積，不再是港口,摩卡豆：指葉門或衣索比亞出產的單品咖啡豆,摩卡飲品：指咖啡或飲品中含有巧克力醬或巧克力糖漿,,A,,single-choice,117-2專二試題\auto\117-2專二試題.md#q41,needs-review,FALSE,
mock-p2-r2-y107-q042,p2,2,107,42,,,小英文和小英九一起到咖啡店商討國事，小英文想喝單品咖啡，小英九想喝咖啡加牛奶，下列哪一種咖啡不會被兩人所選擇？,耶加雪菲,藍山咖啡,,拿鐵,,C,,single-choice,117-2專二試題\auto\117-2專二試題.md#q42,needs-review,FALSE,
mock-p2-r2-y107-q043,p2,2,107,43,,,臺灣栽培咖啡樹的面積約200-300 公頃，咖啡豆的產地除了最早崛起的雲林古坑咖啡之外，還有很多縣市栽種並積極改良研發處理，下列何者不會是臺灣生產的咖啡區？,南投國姓,桃園觀音山,屏東大武山,臺南東山,,B,,single-choice,117-2專二試題\auto\117-2專二試題.md#q43,needs-review,FALSE,
mock-p2-r2-y107-q044,p2,2,107,44,,,美美想學韓劇秘密花園的女主角，戲中女主角和男主角在咖啡店喝咖啡時，因為咖啡上方有一層厚厚的奶泡，所以入口時嘴唇旁都沾滿了奶泡，男主角看到女主角的模樣，感覺很是可愛，所以，美美約會時應該點下列哪一種咖啡才能有這種效果？,美式咖啡,義式濃縮咖啡,阿法奇朵,卡布其諾咖啡,,D,,single-choice,117-2專二試題\auto\117-2專二試題.md#q44,needs-review,FALSE,
mock-p2-r2-y107-q045,p2,2,107,45,,,有關義式咖啡的沖煮原理，下列敘述何者不正確？,是一種壓力式的原理，最適當的幫浦壓力為8-9 個大氣壓力的力道,開機後將第一杯熱水漏掉，主要目的是帶出隔夜的髒水,藉著強大壓力將咖啡粉中的油質和膠質粹取出來，並乳化成細小泡沫，這些乳化的細小泡沫稱為 Crema,通常市售的 Single Espresso 咖啡粉量為 12-14 克,,D,,single-choice,117-2專二試題\auto\117-2專二試題.md#q45,needs-review,FALSE,
mock-p2-r2-y107-q046,p2,2,107,46,,,玲玲想要在家自己沖煮咖啡，但不想使用太繁瑣的沖煮方式，於是友人建議可以使用浸泡法原理，因此下列哪一個是玲玲可以購買的咖啡煮具？,濾壓壺,摩卡壺,比利時壺,義式濃縮咖啡機,,A,,single-choice,117-2專二試題\auto\117-2專二試題.md#q46,needs-review,FALSE,
mock-p2-r2-y107-q047,p2,2,107,47,,,下列哪一種乳製品可以放在室溫，又不添加糖份，適合直接飲用？,無糖煉乳,奶水,保久乳,優酪乳,,C,,single-choice,117-2專二試題\auto\117-2專二試題.md#q47,needs-review,FALSE,
mock-p2-r2-y107-q048,p2,2,107,48,,,牛奶的營養成份高，成長中的孩童可以多攝取牛奶，下列營養素中，牛奶的營養素共有幾種？①蛋白質 ②脂肪 ③醣类 ④鈣 ⑤磷 ⑥維生素 A ⑦維生素 B2 ⑧維生素C,5 種,6 種,7 種,8 種,,C,,single-choice,117-2專二試題\auto\117-2專二試題.md#q48,needs-review,FALSE,
mock-p2-r2-y107-q049,p2,2,107,49,,,在吧檯常見的碳酸飲料中，相較於其他碳酸飲料而言，下列哪一種較不常被混合調製為雞尾酒？,Root Beer,Sprite,Coke,Tonic Water,,A,,single-choice,117-2專二試題\auto\117-2專二試題.md#q49,needs-review,FALSE,
mock-p2-r2-y107-q050,p2,2,107,50,,,下列哪一種飲品的材料並沒有加入冰淇淋？,Milk Shake,Smoothie,Sundae,"Parfait

【以下空白】",,B,,single-choice,117-2專二試題\auto\117-2專二試題.md#q50,needs-review,FALSE,
mock-p2-r3-y107-q001,p2,3,107,1,,,「餐飲產品隨著服務提供者、用餐地點和時間等不同，很難維持品質的穩定性」，並與Variability共同可以解釋的特性為下列何者？,Heterogeneity,Inseparability,Intangibility,Perishability,,A,,single-choice,117-3專二試題\auto\117-3專二試題.md#q1,needs-review,FALSE,
mock-p2-r3-y107-q002,p2,3,107,2,,,下列哪一種酒適合搭配舒芙蕾做為Digestif？甲、Fino Sherry 乙、Oloroso Sherry 丙、Sauternes 丁、Rosso Vermouth 戊、Dry Vermouth,甲丙,乙丙,丙丁,丙戊,,B,,single-choice,117-3專二試題\auto\117-3專二試題.md#q2,needs-review,FALSE,
mock-p2-r3-y107-q003,p2,3,107,3,,,餐具擺設大多以左叉右刀為主；但因應節日需求而擬定菜單出現的特殊餐具擺設，下列何者錯誤？,Bouillabaisse：左魚叉、右魚刀及橢圓湯匙,Artichokes：左沙拉叉、右沙拉刀,Pasta：左橢圓湯匙、右餐叉,Caviar：左點心叉、右點心匙,,D,,single-choice,117-3專二試題\auto\117-3專二試題.md#q3,needs-review,FALSE,
mock-p2-r3-y107-q004,p2,3,107,4,,,市長邀請臺中市各鄉里代表出席花博饗宴，在席次安排上以 3P 原則為最高指標，請問分別為何？,Position、Political Situation、Personal Relationship,Position、Perishability、Personal Relationship,Position、Political Situation、Personality,Political、Position Situation、Personal Relationship,,A,,single-choice,117-3專二試題\auto\117-3專二試題.md#q4,needs-review,FALSE,
mock-p2-r3-y107-q005,p2,3,107,5,,,下列哪一項物品，不是一般餐廳Service Station 中的固定必備品？,Table Knife,Dinner Fork,Soup Spoon,Chafing Dish,,D,,single-choice,117-3專二試題\auto\117-3專二試題.md#q5,needs-review,FALSE,
mock-p2-r3-y107-q006,p2,3,107,6,,,英俊挺拔又帥氣的服務生以單手持托服務全場，有關「單手托法」之敘述，下列何者錯誤？,左手手臂成90 度角，掌心向上、五指張開，手掌放在托盤底部的正中央,托盤靠近腰際之間，再以右手拇指握住托盤邊緣幫助穩固,運送雞尾酒，多將托盤放於胸前,在人多或動線狹窄的地方，可將托盤放於人中與胸前之間,,D,,single-choice,117-3專二試題\auto\117-3專二試題.md#q6,needs-review,FALSE,
mock-p2-r3-y107-q007,p2,3,107,7,,,口布摺疊有分對角、三摺法、四摺法及正方形四摺法，請從下列選項中挑選出「對角摺法」的口布款式？,三明治、濟公帽,靴子、雨後春筍,和服、鐵甲武士,蝴蝶、西裝,,C,,single-choice,117-3專二試題\auto\117-3專二試題.md#q7,needs-review,FALSE,
mock-p2-r3-y107-q008,p2,3,107,8,,,服務叉匙源自英式服務，有關服務叉匙握法的敘述，下列何者正確？甲、雙手持法：右叉左匙乙、雙手持法：左叉右匙丙、指夾法：上叉下匙丁、指握法：下叉上匙,甲、丙,甲、丁,乙、丙,乙、丁,,C,,single-choice,117-3專二試題\auto\117-3專二試題.md#q8,needs-review,FALSE,
mock-p2-r3-y107-q009,p2,3,107,9,,,菜單工程是依照邊際貢獻率或為利潤及產品銷售量或為點菜率的線向變化，做為更換菜單的依據。有關菜單工程的敘述，下列何者錯誤？,明星型Stars，高銷售率、受歡迎程度高，可作為餐廳代表菜色,跑馬型 Horses，低成本、高利潤，是餐廳的明日之星,苟延殘喘型Dogs，點菜率、邊際貢獻率皆低，更換此類菜色,困惑型Puzzles，利潤高，但點菜率不佳，應加強促銷,,B,,single-choice,117-3專二試題\auto\117-3專二試題.md#q9,needs-review,FALSE,
mock-p2-r3-y107-q010,p2,3,107,10,,,小泡芙奶奶八十大壽，將於寶麗金港式飲茶宴客百桌，有關中式餐桌擺設，下列敘述何者正確？,個人用毛巾碟置於骨盤右側,公用之調味醬匙柄朝右擺放,進行餐具擺設宜先擺放味碟以方便定位,龍頭架又稱雙生筷架，左方為匙架放銀湯匙，右方為筷架放於骨盤右上方，且龍頭朝左擺放,,B,,single-choice,117-3專二試題\auto\117-3專二試題.md#q10,needs-review,FALSE,
mock-p2-r3-y107-q011,p2,3,107,11,,,「左叉右刀」為慣用模式，下列何種菜餚的餐具擺設，叉子不是置於顧客的右側？,Oyster With Shell,Caesar Salad,Spaghetti,Escargot With Shell,,B,,single-choice,117-3專二試題\auto\117-3專二試題.md#q11,needs-review,FALSE,
mock-p2-r3-y107-q012,p2,3,107,12,,,志明與春嬌小倆口專程到瑪列‧小巴黎商人餐廳用餐共渡浪漫情人節，服務人員當天以Tableside Cookery 方式完成主菜 Black Pepper Steak 及甜點 Crepe Suzette，請問這兩道菜皆使用下列哪一種服勤技巧？,tossing,carving,boning,flaming,,D,,single-choice,117-3專二試題\auto\117-3專二試題.md#q12,needs-review,FALSE,
mock-p2-r3-y107-q013,p2,3,107,13,,,飯店提供每位房客一份美式早餐及報紙，在其餐具擺設裡不需要的器皿為何？,餐刀及餐叉,麵包盤及奶油刀,咖啡杯組,湯匙,,D,,single-choice,117-3專二試題\auto\117-3專二試題.md#q13,needs-review,FALSE,
mock-p2-r3-y107-q014,p2,3,107,14,,,下列何種類型的餐飲服務，設有座位區供顧客享用美食佳餚？,Cabin Catering Service,Mobile Canteen Service,Drive-in Service,Take-away Service,,A,,single-choice,117-3專二試題\auto\117-3專二試題.md#q14,needs-review,FALSE,
mock-p2-r3-y107-q015,p2,3,107,15,,,有關 Plate Service 之敘述，下列何者正確？,新式美式大多以右手自客人左後方供應飲料,傳統美式服務上菜自客人右後方供應,收拾殘盤時，一律於客人左側收拾,帳單面朝下置於客人左側之桌緣上,,D,,single-choice,117-3專二試題\auto\117-3專二試題.md#q15,needs-review,FALSE,
mock-p2-r3-y107-q016,p2,3,107,16,,,有關各國代表菜餚與餐酒配對，下列何者錯誤？,英國炸魚薯條—Sparklin <sup>g</sup> <sup>Wine</sup> <sub>ne</sub> <sub>gne</sub>,波雅克小羔羊—Rose Wi,德式酸菜豬腳—Port,法國三大珍味—Champa,,C,,single-choice,117-3專二試題\auto\117-3專二試題.md#q16,needs-review,FALSE,
mock-p2-r3-y107-q017,p2,3,107,17,,,至香港名店享用「避風塘炒蟹」時，下列服務方式何者正確？,宜於賓客食用此道菜餚前，從左側更換新毛巾,宜於賓客食用此道菜餚前，從左側更換新骨盤,宜於賓客食用完此道菜餚後，從左側僅更換新毛巾,宜於賓客食用完此道菜餚後，從左側更換新毛巾及骨盤,,D,,single-choice,117-3專二試題\auto\117-3專二試題.md#q17,needs-review,FALSE,
mock-p2-r3-y107-q018,p2,3,107,18,,,宥嘉第一天至高級西餐廳上班，有關西餐上菜的順序應為何？,,,,,,A,,essay,117-3專二試題\auto\117-3專二試題.md#q18,needs-review,FALSE,
mock-p2-r3-y107-q019,p2,3,107,19,,,西餐供應中途會給予小物去調整口腔的味覺，以便享用下 道美食。下列敘述中何者和Sorbet沒有共同功用？,麵包,巧克力,開水,沙瓦,,B,,single-choice,117-3專二試題\auto\117-3專二試題.md#q19,needs-review,FALSE,
mock-p2-r3-y107-q020,p2,3,107,20,,,有關餐具清潔後的殘留物質檢驗配對，下列何者錯誤？,澱粉：碘試液，殘留物反應呈藍紫色,蛋白質：寧海俊試液，殘留物反應呈藍紫色,油脂：清潔劑ABS 檢驗試劑及蘇丹試液，殘留物反應呈紅色斑點,大腸桿菌：大腸桿菌檢查試紙，殘留物反應呈紅色斑點,,C,,single-choice,117-3專二試題\auto\117-3專二試題.md#q20,needs-review,FALSE,
mock-p2-r3-y107-q021,p2,3,107,21,,,防災演練中能有效降低火災時火焰急速上竄及濃煙四起，應平日就要將大樓所有的「防火安全門」：,打開,半開,關閉,鎖住,,C,,single-choice,117-3專二試題\auto\117-3專二試題.md#q21,needs-review,FALSE,
mock-p2-r3-y107-q022,p2,3,107,22,,,咖啡粉研磨等級為Turkish Grind，較適合以哪一種方式沖煮？甲、土耳其咖啡壺 乙、法式濾壓壺 丙、Espresso 丁、虹吸式,甲、丙,甲、丁,乙、丙,乙、丁,,A,,single-choice,117-3專二試題\auto\117-3專二試題.md#q22,needs-review,FALSE,
mock-p2-r3-y107-q023,p2,3,107,23,,,下列根據涵碧樓等相同類型的國際觀光旅館所提供之服務與單位做搭配的組合，何者正確？,Maid Service—Housekeeping,Baggage Service—Reservation,Valet Parking Service—Laundry Dept.,Lost & Found—Front Desk,,A,,single-choice,117-3專二試題\auto\117-3專二試題.md#q23,needs-review,FALSE,
mock-p2-r3-y107-q024,p2,3,107,24,,,有關旅館套房等級由高到低的排列，下列何者正確？,Presidential suite、Standard suite、Deluxe suite,Executive Suite、Presidential suite、Standard suite,Presidential suite、Executive Suite、Standard suite,Standard suite、Deluxe suite、Presidential suite,,C,,single-choice,117-3專二試題\auto\117-3專二試題.md#q24,needs-review,FALSE,
mock-p2-r3-y107-q025,p2,3,107,25,,,有關國際觀光旅館單人床之重新鋪設，下列品項應準備的總數量為何？甲、bed pad 乙、Yellow pages 丙、bidet 丁、Bath Mat 戊、pillow case,1,2,3,4,,C,,single-choice,117-3專二試題\auto\117-3專二試題.md#q25,needs-review,FALSE,
mock-p2-r3-y107-q026,p2,3,107,26,,,有關鋪設毛毯型加床床鋪之作業順序，下列何者正確？甲、bed sheet，正面朝上乙、bed sheet，正面朝下丙、blanket丁、bed cover戊、pillow case,甲→乙→丙→丁→戊,乙→甲→丙→甲→丁,甲→乙→丙→甲→戊,乙→丙→甲→戊→丁,,C,,single-choice,117-3專二試題\auto\117-3專二試題.md#q26,needs-review,FALSE,
mock-p2-r3-y107-q027,p2,3,107,27,,,有關餐具之清潔，下列敘述何者錯誤？,鹼性洗潔劑可用於清洗洗碗機、酸性汙垢、蛋白質,弱鹼性洗潔劑可用於餐具之清潔,洗碗機中加入快乾劑有助於碗盤之乾燥,三槽式的人工洗滌設備以沖洗槽的水溫度最高,,D,,single-choice,117-3專二試題\auto\117-3專二試題.md#q27,needs-review,FALSE,
mock-p2-r3-y107-q028,p2,3,107,28,,,福華大飯店在房務報表上顯示為ASN，這代表該房可能屬於下列何種狀態？,未辦理退房的房間,已辦理退房的房間,未賣出的空房間,已預排的空房間,,D,,single-choice,117-3專二試題\auto\117-3專二試題.md#q28,needs-review,FALSE,
mock-p2-r3-y107-q029,p2,3,107,29,,,服務人員為顧客旁桌服務「Crepe Suzette」時，不須準備下列何種材料？,Grand Marnier,Coffee,Lemon,Sugar,,B,,single-choice,117-3專二試題\auto\117-3專二試題.md#q29,needs-review,FALSE,
mock-p2-r3-y107-q030,p2,3,107,30,,,客人Check Out時Room maid欲進行清潔的例行作業，下列何者需要送洗？,被套,床尾巾,床罩,羽毛被,,A,,single-choice,117-3專二試題\auto\117-3專二試題.md#q30,needs-review,FALSE,
mock-p2-r3-y107-q031,p2,3,107,31,,,有關客房清潔維護作業，下列何者宜使用乾的抹布擦拭？甲、銅製手把上油 乙、排風機出口清潔 丙、垃圾桶外部清潔 丁、冰箱壓縮機清潔,甲、乙,乙、丙,甲、丁,丙、丁,,C,,single-choice,117-3專二試題\auto\117-3專二試題.md#q31,needs-review,FALSE,
mock-p2-r3-y107-q032,p2,3,107,32,,,下列房務專業術語，何者錯誤？,OOI：故障房,OCC：續住、尚未清潔,DNS：房客外住,DNA：房客無故未到,,B,,single-choice,117-3專二試題\auto\117-3專二試題.md#q32,needs-review,FALSE,
mock-p2-r3-y107-q033,p2,3,107,33,,,依西餐餐飲服勤技巧，下列何者錯誤？,主餐配菜的擺設，以擺放位置而言，由左→右為澱粉→蔬菜,主餐配菜的擺設，以顏色而言，由左→右爲白色→紅色→綠色,全魚服務則是魚頭朝左、魚腹朝下；蝦類服務亦同,"洋蔥扒黑胡椒牛排，分菜順序爲：洋蔥絲→牛排→淋黑胡椒汁

## 第二部分：飲料與調酒",,B,,single-choice,117-3專二試題\auto\117-3專二試題.md#q33,needs-review,FALSE,
mock-p2-r3-y107-q034,p2,3,107,34,,,「飲料」對現代人而言，除了滿足生理、口感或新奇的需求，更是用來從事社交活動、增進人際關係的潤滑劑。下列相關敘述，何者錯誤？,主要成分為水,英文稱為 Beverage，源於拉丁文Bibere，意指「飲用之物,銷售場所條件設限多，業者多以自行創業、連鎖經營為主要經營型態,含酒精成分以容量計算達0.5%者，即可稱為「酒」,,C,,single-choice,117-3專二試題\auto\117-3專二試題.md#q34,needs-review,FALSE,
mock-p2-r3-y107-q035,p2,3,107,35,,,「茶」譽為中國人的國飲，有關其發展之敘述，下列何者正確？甲、中國西南地區(雲南、貴州和四川)為茶樹原產地乙、漢代陸羽撰著《茶經》，堪稱中國茶道的先聲丙、唐太宗親著《大觀茶論》，倡導茶學，帶動鬥茶風潮丁、明太祖發布詔令，廢團茶、興葉茶，帶動製茶技藝發展，並發明炒菁法戊、臺灣茶發展傳承自中國福建茶系,甲乙丙,乙丙丁,丙丁戊,甲丁戊,,D,,single-choice,117-3專二試題\auto\117-3專二試題.md#q35,needs-review,FALSE,
mock-p2-r3-y107-q036,p2,3,107,36,,,下列茶品項中，未經萎凋製程者共有幾款？甲、臺茶 21 號 乙、龍井茶 丙、白毫烏龍 丁、煎茶 戊、玉露茶 己、白毫銀針,3 款,4 款,5 款,6 款,,A,,single-choice,117-3專二試題\auto\117-3專二試題.md#q36,needs-review,FALSE,
mock-p2-r3-y107-q037,p2,3,107,37,,,有關茶葉特性之敘述，下列何者錯誤？,白牡丹、君山銀針同屬於不發酵茶,茶葉外形的形成，取決於揉捻製程,「渥堆」為黑茶加工特有製程,茶湯顏色取決於發酵程度，發酵時間長，色紅且具熟果香或焦糖香,,A,,single-choice,117-3專二試題\auto\117-3專二試題.md#q37,needs-review,FALSE,
mock-p2-r3-y107-q038,p2,3,107,38,,,有關咖啡知識之敘述，下列何者錯誤？甲、咖啡香氣源自揮發性脂肪成份乙、French Roast 烘焙程度較 High Roast 淺丙、精製(Processing)後的咖啡豆又可稱為羊皮咖啡(Parchment Coffee)丁、咖啡粉研磨過細，易出現萃取不足現象戊、以乾燥法(Dry Method)製豆對咖啡豆的損害較大己、烘焙程度越深，咖啡因含量愈高,Fermented Alcoholic Beverages：Cachaça、Sherry,Distilled Alcoholic Beverages：Mezcal、Kirsch,Compounded Alcoholic Beverages：Cointreau、Tia Maria,Liqueur：Bailey’s Irish Cream、Drambuie,,C,,single-choice,117-3專二試題\auto\117-3專二試題.md#q38,needs-review,FALSE,
mock-p2-r3-y107-q044,p2,3,107,44,,,有關國產酒之敘述，下列何者錯誤？甲、「台 啤酒」以蓬萊白米為主要原料，再加上大麥釀製，具淡雅清香風味乙、愛蘭白酒為臺灣菸酒公司埔里酒廠特產酒類丙、米酒頭是以糯米、小麥為原料製成丁、Kavalan 為臺灣威士忌榮耀品牌，產自臺灣菸酒公司宜蘭酒廠戊、五加皮酒調製基酒為高梁酒己、酒精濃度高低比較，玉泉窖藏18年狀元紅>紅標米酒>金牌啤酒,甲丙丁己,乙丙丁戊,丙丁戊己,甲乙戊己,,A,,single-choice,117-3專二試題\auto\117-3專二試題.md#q44,needs-review,FALSE,
mock-p2-r3-y107-q045,p2,3,107,45,,,有關Wine之敘述，下列何者錯誤？甲、酒瓶標示 Blanc de Noir 代表 100%使用 Pinot Noir 釀製乙、酒瓶標示 Fine Champagne Cognac，代表為優質法國香檳氣泡酒丙、Pinot Noir為常見紅葡萄品種之一，也可釀製白酒或氣泡酒丁、儲存環境相對濕度建議維持在50-80%，理想值以70%為佳<sup>戊、酒標如標示有年份，通常代表為裝瓶年份</sup>己、Jerez 使用 Solera System 釀製<sub>,乙丙戊,甲乙戊,</sub> <sub>丙丁己</sub> 己、Jerez 使用 Solera System釀製,甲丁己,,B,,single-choice,117-3專二試題\auto\117-3專二試題.md#q45,needs-review,FALSE,
mock-p2-r3-y107-q046,p2,3,107,46,,,Whisky主要產國以蘇格蘭、愛爾蘭、美國、日本和加拿大為主；有關其敘述，下列何者錯誤？甲、Single Malt Whisky僅使用單一家蒸餾酒廠所製造之麥芽威士忌調配乙、酒齡以裝瓶時間計算丙、Bourbon Whiskey產於美國肯德基州，具玉米風味，以火烤過之新橡木桶陳釀2 年以上丁、蘇格蘭威士忌享譽「英國國酒」，精餾度不得高於94.8%，並於橡木桶陳釀3 年以上戊、愛爾蘭威士忌以泥煤烘乾麥芽，味道濃郁，並經3 次蒸餾工法己、Scotch Mizuwali 飲用時以烈酒杯盛裝，並附上一杯冰水,甲乙丙,乙丙戊己,甲丙丁戊,乙戊己,,D,,single-choice,117-3專二試題\auto\117-3專二試題.md#q46,needs-review,FALSE,
mock-p2-r3-y107-q047,p2,3,107,47,,,有關「Pousse Café」之敘述，下列何者正確？,使用 Liqueur Glass 盛裝,調製方法為 Pour,裝飾為 Cinnamon Powder,添加 Crème de Café,,A,,single-choice,117-3專二試題\auto\117-3專二試題.md#q47,needs-review,FALSE,
mock-p2-r3-y107-q048,p2,3,107,48,,,雞尾酒調製過程中，需使用 Glass Rimmer 者為何？甲、Bloody Mary 乙、Margarita 丙、Frozen Margarita 丁、Orange Blossom 戊、Salty Dog,甲乙丙丁,乙丙丁戊,甲丙丁戊,甲乙戊,,B,,single-choice,117-3專二試題\auto\117-3專二試題.md#q48,needs-review,FALSE,
mock-p2-r3-y107-q049,p2,3,107,49,,,下列各款雞尾酒使用之調製方法與基酒組合，何者錯誤？,Dry Martini：Stir、Gin,Flying Grashopper：Shake、Vodka,God Father：Build、Scotch Whisky,Mojito：Blend、White Rum,,D,,single-choice,117-3專二試題\auto\117-3專二試題.md#q49,needs-review,FALSE,
mock-p2-r3-y107-q050,p2,3,107,50,,,下列雞尾酒款示中，何者並非使用Nutmeg Powder作為裝飾？甲、Hot Toddy 乙、Brandy Alexander 丙、Egg Nog 丁、Golden Rico 戊、Negus,甲乙戊,乙丙戊,甲丁,"丙丁

## 【以下空白】",,C,,single-choice,117-3專二試題\auto\117-3專二試題.md#q50,needs-review,FALSE,
mock-p2-r4-y107-q001,p2,4,107,1,,,渡假旅館為賓客送上迎賓飲料並在房內將毛巾摺疊成具有吉祥意涵的大象造型，讓房客感受到其「以客為尊」的服務理念，此為下列哪一種旅館商品？,Facilitating Goods,Supporting Facilities,Explicit Service,Implicit Service,,D,,single-choice,117-4專二試題\auto\117-4專二試題.md#q1,needs-review,FALSE,
mock-p2-r4-y107-q002,p2,4,107,2,,,下列何者與其他三者的床型較不同？,Divan Bed,Murphy bed,Studio Bed,Wall Bed,,A,,single-choice,117-4專二試題\auto\117-4專二試題.md#q2,needs-review,FALSE,
mock-p2-r4-y107-q003,p2,4,107,3,,,有關旅館公共區域的清潔與維護，下列敘述何者正確？,旅館內的植栽保養、修剪是工友的職責,門廳是旅館的門面，因此維持清潔與整齊是櫃台接待員(Room Clerk),大廳洗手間、衣帽間、電梯等維護清潔是「公清」的工作,旅館內公共洗手間之清潔維護工作是服務中心(Concierge)人員的工作,,C,,single-choice,117-4專二試題\auto\117-4專二試題.md#q3,needs-review,FALSE,
mock-p2-r4-y107-q004,p2,4,107,4,,,有關旅館組織中，下列敘述何者錯誤？,布巾室(Linen Room)：客務部的心臟地帶,總機(Operator)：旅館館內緊急事件發生時的通訊指揮中心,服務中心(Concierge)：旅館客務服務的連接站,公關部(PR dep.)：旅館的化妝師,,A,,single-choice,117-4專二試題\auto\117-4專二試題.md#q4,needs-review,FALSE,
mock-p2-r4-y107-q005,p2,4,107,5,,,下列何者不屬於 Housekeeping Office Clerk 的職責？,依據電腦訂房系統，分配清潔人力，製作客房狀況表,登錄與通知顧客的遺留物,掌握訂房狀況並預測住房率及平均房價,核對房間狀況後，通知櫃台,,C,,single-choice,117-4專二試題\auto\117-4專二試題.md#q5,needs-review,FALSE,
mock-p2-r4-y107-q006,p2,4,107,6,,,下列客房設備、器具的敘述，何者錯誤？,壁紙、窗簾：美觀大方外，更要重視防火材質，增加安全,洗臉檯：多採用陶瓷、人造石等材質，遇髒污時，需要菜瓜布刷洗清潔保持乾淨,化妝鏡：又稱刮鬍鏡，為可移動式桿架，鏡面可分一般及放大兩面,浴缸防滑握桿：不鏽鋼材質，設於浴缸壁面，離地 60 公分，斜度 45°，以防止滑倒或方便起身,,B,,single-choice,117-4專二試題\auto\117-4專二試題.md#q6,needs-review,FALSE,
mock-p2-r4-y107-q007,p2,4,107,7,,,下列哪一把旅館鑰匙可開啟全棟旅館所有客房之門鎖，通常在緊急狀況時經過授權使用？,Guest Key,Section Master Key,Room Main Key,General Master Key,,D,,single-choice,117-4專二試題\auto\117-4專二試題.md#q7,needs-review,FALSE,
mock-p2-r4-y107-q008,p2,4,107,8,,,下列何者屬於「消耗性備品(Expendables Supplies)」？,Coaster,Floor Lamp,Stopper,Chain Lock,,A,,single-choice,117-4專二試題\auto\117-4專二試題.md#q8,needs-review,FALSE,
mock-p2-r4-y107-q009,p2,4,107,9,,,Mike 為櫃台人員，正透過電腦系統觀看房間狀況，下列何種房況最不適合銷售給 Walk InGuest？,VR,OR,NS,OK,,B,,single-choice,117-4專二試題\auto\117-4專二試題.md#q9,needs-review,FALSE,
mock-p2-r4-y107-q010,p2,4,107,10,,,下列何者屬於房務員在退房作業的檢視工作？,掌握房客離開的正確時間，盡量運用房客在房間時進房檢查,檢視房客是否遺留物品或未取衣物,發現客房設備故障時，應盡快要求房客進行賠償,檢查房客交辦是否完成，進行Mini Bar飲料之補充,,B,,single-choice,117-4專二試題\auto\117-4專二試題.md#q10,needs-review,FALSE,
mock-p2-r4-y107-q011,p2,4,107,11,,,下列布品管控的原則，正確的有幾項？甲、布品類存放不需分類、定點、定量，可依使用者便利來安排乙、布品有不堪使用，可依布品報廢程序報廢丙、布品庫房應具專用功能，須保持通風乾燥丁、布品以存量卡標示清楚品名、尺寸和數量，落實先進後出原則戊、填寫布巾報廢明細後，若有堪用的布巾可直接申請服務巾使用,5 項,2 項,3 項,4 項,,C,,single-choice,117-4專二試題\auto\117-4專二試題.md#q11,needs-review,FALSE,
mock-p2-r4-y107-q012,p2,4,107,12,,,下列哪一位房務員操作開夜床的作法較不正確？,小寶房務員以兩張單人床開夜床，以面對中間床頭櫃單人床外側為之,麗君房務員以一張單人床開夜床，選擇靠近浴室一側為之,花花房務員一張單人床開夜床，以床頭櫃有電話一側為之,康康房務員一張雙人床開夜床，將羽絨被翻摺床頭頸，在床鋪兩側放置足布和拖鞋,,A,,single-choice,117-4專二試題\auto\117-4專二試題.md#q12,needs-review,FALSE,
mock-p2-r4-y107-q013,p2,4,107,13,,,房務工作區準備的步驟依序為何？甲、將固定床墊之安全束帶解開，塞在床墊下乙、將加床往地面拉下，床頭端離牆面30 公分，預留做床作業空間丙、雙手握住加床上方把手，右腳頂住下方橫桿丁、將加床推動至客房固定之位置，正確擺置床頭床尾方向戊、將雙手抓住加床底部之把手，推動加床，以不擋住前方視線方式推動,戊丁丙乙甲,乙丙丁戊甲,甲乙丙戊丁,乙丙甲戊丁,,A,,single-choice,117-4專二試題\auto\117-4專二試題.md#q13,needs-review,FALSE,
mock-p2-r4-y107-q014,p2,4,107,14,,,下列不屬於客房內制式固定的床鋪型式有幾種？甲、Roll-away Bed 乙、Additional Bed 丙、Baby Cot 丁、Spare Bed 戊、Extra Bed,2 種,3 種,4 種,5 種,,D,,single-choice,117-4專二試題\auto\117-4專二試題.md#q14,needs-review,FALSE,
mock-p2-r4-y107-q015,p2,4,107,15,,,有關旅館緊急事件，下列敘述何者錯誤？,啟動緊急事件處理中心，須將結果或處理過程呈報總經理,旅館人員需要有預防重於治療的觀念，防範未然,緊急事件發生時，需加強各樓層巡查狀況,旅館內緊急事件發生，只要啟動緊急事件處理中心，其他員工不需要太過於注意,,D,,single-choice,117-4專二試題\auto\117-4專二試題.md#q15,needs-review,FALSE,
mock-p2-r4-y107-q016,p2,4,107,16,,,下列何者為正確的房務撤床作業程序？甲、拆除枕套乙、拉床丙、檢查清潔衛生墊丁、摺疊毛毯或羽絨被戊、拆除床單與被套己、丟置於房務工作車,乙甲丁戊丙己,甲丁乙戊丙己,乙甲戊丁丙己,甲乙丁戊丙己,,C,,single-choice,117-4專二試題\auto\117-4專二試題.md#q16,needs-review,FALSE,
mock-p2-r4-y107-q017,p2,4,107,17,,,下列哪一種口布款式，較不適合做為客用？,西裝,法國折,立扇,牛角,,D,,single-choice,117-4專二試題\auto\117-4專二試題.md#q17,needs-review,FALSE,
mock-p2-r4-y107-q018,p2,4,107,18,,,下列餐巾款式何者較適合放在玻璃杯內？,司膳者服務,法式服務,美式服務,管家式服務,,A,,single-choice,117-4專二試題\auto\117-4專二試題.md#q18,needs-review,FALSE,
mock-p2-r4-y107-q021,p2,4,107,21,,,下列何者為「Side Table Service」之餐飲服務方式？,服務員可以使用餐巾或展示盤定位,餐具左右兩側擺放不超過三件為原則,麵包盤與奶油刀放置顧客右側，便於服務員服務麵包,水杯宜擺放餐刀正上方，杯腳與餐刀垂直對齊,,A,,single-choice,117-4專二試題\auto\117-4專二試題.md#q21,needs-review,FALSE,
mock-p2-r4-y107-q024,p2,4,107,24,,,服務生將準備餐廳明日預定的120 客「歐陸式早餐」餐桌擺設，準備的器具中，何者較不需要準備？,新鮮的柳橙汁，以可林杯或高飛球杯盛裝，需要附吸管與杯墊,熱牛奶隔水加熱至 65-70度，以咖啡杯組盛裝，另附糖盅,碳酸飲料開瓶前勿晃動，準備的杯子內可放冰塊，供顧客使用,熱阿華田，以可林杯或高飛球杯盛裝,,B,,single-choice,117-4專二試題\auto\117-4專二試題.md#q24,needs-review,FALSE,
mock-p2-r4-y107-q026,p2,4,107,26,,,有關 Corkscrew 開瓶器的說明，下列敘述何者正確？,蝴蝶形開瓶器；適用於陳年葡萄酒，最能保持軟木塞的完整,侍者之友；屬於專業型的開瓶器，餐廳最常見的開瓶器,兩片式(薄片型)開瓶器；較費力，軟木塞易因受力不均而斷裂,,,B,,single-choice,117-4專二試題\auto\117-4專二試題.md#q26,needs-review,FALSE,
mock-p2-r4-y107-q027,p2,4,107,27,,,下列四位服務員中，哪一位的顧客抱怨處理較不適當？慧喬用心且主動傾聽顧客提出的抱怨，以積極的態度處理問題棟元展現誠意，抱持同理心，真誠表達歉意，展現處理事情的誠意寅娜掌握抱怨處理時效，迅速解決問題熙俊以不容置疑的態度處理顧客抱怨，立即要求顧客負責,慧喬,棟元,寅娜,熙俊,,D,,single-choice,117-4專二試題\auto\117-4專二試題.md#q27,needs-review,FALSE,
mock-p2-r4-y107-q028,p2,4,107,28,,,有關餐具的清潔與儲存，下列敘述何者錯誤？甲、餐具清洗的路徑為：汗染區→洗滌區→清潔區乙、餐具清洗乾燥後置於暫存區不得超過30 分鐘丙、同尺寸大小的餐具推疊一起，分類放置丁、清潔後之餐具，若超過36 小時未送到用餐場所，需重新洗滌戊、為節省空間使用，洗淨未乾燥之餐具可重疊放置,甲乙,丁戊,乙戊,丙戊,,B,,single-choice,117-4專二試題\auto\117-4專二試題.md#q28,needs-review,FALSE,
mock-p2-r4-y107-q029,p2,4,107,29,,,在正式場合中，下列介紹順序何者較為適宜？,將張學友個人介紹給玖壹壹團體,將吳奶奶介紹給高中生張同學,將陳女士介紹給林先生,將餐廳林經理介紹給資深王領班,,A,,single-choice,117-4專二試題\auto\117-4專二試題.md#q29,needs-review,FALSE,
mock-p2-r4-y107-q030,p2,4,107,30,,,陳董事長夫妻宴請林校長賢伉儷於西式餐廳用餐，餐廳內將座位安排於一間擺放四人方桌的包廂，請問下列何種狀況最為正確？,林校長夫人背坐於大門,安排末座給林校長夫人,首席為陳董事長,陳董事長夫人面門而坐,,D,,single-choice,117-4專二試題\auto\117-4專二試題.md#q30,needs-review,FALSE,
mock-p2-r4-y107-q031,p2,4,107,31,,,飯店餐廳經常會有促銷或招待優惠，因此在帳單簽上招待的方式，下列何者配對正確？甲、ENT 乙、PE 丙、HU 丁、Voucher<sup>,</sup> <sup>甲ㄅ、乙ㄇ、丙ㄈ、丁ㄆ</sup>,甲Π乙タ丙勺、丁⊂,甲勺乙ヒ丙Π、丁タ,甲ㄇ、乙ㄈ、丙ㄅ、丁ㄆ,,A,,single-choice,117-4專二試題\auto\117-4專二試題.md#q31,needs-review,FALSE,
mock-p2-r4-y107-q032,p2,4,107,32,,,下列何者屬於「Hollowware」？,Esacrgot Fork,Squeezer,Platter,Sugar Tongs,,C,,single-choice,117-4專二試題\auto\117-4專二試題.md#q32,needs-review,FALSE,
mock-p2-r4-y107-q033,p2,4,107,33,,,有關火災種類與其適用滅火器，下列敘述何者正確？,A類火災：可燃性液體或氣體與油脂類物質所引起,B 類火災：指通電中之電氣機械器具及電氣設備,C 類火災：指普通可燃物引起之火災,"D類火災：可燃性金屬物質或禁水性物質引起之火災

## 第二部分：飲料與調酒",,D,,single-choice,117-4專二試題\auto\117-4專二試題.md#q33,needs-review,FALSE,
mock-p2-r4-y107-q034,p2,4,107,34,,,Cola、Milo、Black Tea、Pousse Café、Kona Coffee、Lemonade、Sparkling Water，上述含有咖啡因的飲品共有幾種？,7 種,6 種,5 種,4 種,,D,,single-choice,117-4專二試題\auto\117-4專二試題.md#q34,needs-review,FALSE,
mock-p2-r4-y107-q035,p2,4,107,35,,,風靡於餐飲業的天然食材，經冷水沖泡變成藍紫色，加入檸檬汁呈現粉紅色的液體且有豐富花青素的選擇有下列哪些選項？甲、紫羅蘭 乙、薰衣草 丙、蝶豆花 丁、藍莓果,甲,乙、丙,甲、丙,乙、丁,,C,,single-choice,117-4專二試題\auto\117-4專二試題.md#q35,needs-review,FALSE,
mock-p2-r4-y107-q036,p2,4,107,36,,,天上飛臺式餐廳在賓客用完餐之後，貼心附上重焙火、發酵程度高，去油解膩的餐後茶最有可能是：,玉露茶,文山包種茶,安化黑茶,阿薩姆紅茶,,C,,single-choice,117-4專二試題\auto\117-4專二試題.md#q36,needs-review,FALSE,
mock-p2-r4-y107-q037,p2,4,107,37,,,有關茶葉特性的敘述，下列何者正確？,三峽碧螺春、白毫銀針製作過程皆不需進行萎凋,鐵觀音使用鐵觀音品種製成,紅烏龍茶經渥紅發酵使茶湯呈現深褐色,大紅袍不需經過殺菁手續，方能達成80%以上的完全發酵茶,,B,,single-choice,117-4專二試題\auto\117-4專二試題.md#q37,needs-review,FALSE,
mock-p2-r4-y107-q038,p2,4,107,38,,,假日午後，小丸子一家人前往戶外參加聯合野餐活動，為考量現場安全而禁止使用火源，下列較適合沖煮出咖啡的方式有哪些？甲、Flannel Drip 乙、Belgium Royal Coffee Maker 丙、French Press 丁、Brew Machine,甲、乙、丙,甲、乙、丁,甲、丙、丁,乙、丙、丁,,C,,single-choice,117-4專二試題\auto\117-4專二試題.md#q38,needs-review,FALSE,
mock-p2-r4-y107-q039,p2,4,107,39,,,有關咖啡豆的使用過程，下列敘述何者正確？,Arabica品質佳是因為產量高且耐病蟲害,日曬法及水洗法皆須經過脫殼的手續得到生豆,咖啡豆烘焙的時間與咖啡的含水量成正比,French Press 應搭配細研磨較能展現咖啡風味,,B,,single-choice,117-4專二試題\auto\117-4專二試題.md#q39,needs-review,FALSE,
mock-p2-r4-y107-q040,p2,4,107,40,,,下列何者較符合Barista所具備的咖啡沖煮技巧？,Moka Express 的咖啡粉末適用 Fine 沖煮,Filter Paper Drip 專門用於 Syphon 過濾咖啡渣,Aeropress 操作時，需上下翻轉，將咖啡粉浸泡於水中,Flannel Drip需使用冰塊及水，進行4 小時以上的濾滴過程,,A,,single-choice,117-4專二試題\auto\117-4專二試題.md#q40,needs-review,FALSE,
mock-p2-r4-y107-q041,p2,4,107,41,,,市面上Soft Drinks 種類繁多，下列何者為正確的購買資訊？,養樂多屬於乳酸飲料，活菌數在100 萬個以上,舒跑、老虎牙子、速纖皆為 Functional Drinks,Chateldon 為法國頂級 Sparkling Water，又有水中香檳之稱,奇異之吻材料中的柳橙汁，採用榨汁器可萃取較多的柳橙汁,,B,,single-choice,117-4專二試題\auto\117-4專二試題.md#q41,needs-review,FALSE,
mock-p2-r4-y107-q042,p2,4,107,42,,,Fermented Alcoholic Beverage 係指原料經過糖化、發酵的過程，下列何者屬於上述提及的酒 類？,Root Beer,Sloe Gin,Lager,Ginger Ale,,C,,single-choice,117-4專二試題\auto\117-4專二試題.md#q42,needs-review,FALSE,
mock-p2-r4-y107-q043,p2,4,107,43,,,下列何者為 Cognac 服務方式？,On The Rocks,Neat,Mizuwali,Chaser,,B,,single-choice,117-4專二試題\auto\117-4專二試題.md#q43,needs-review,FALSE,
mock-p2-r4-y107-q044,p2,4,107,44,,,下列選項中，採用全世界第一的藍山咖啡豆加蘭姆酒製成的咖啡香甜酒為何？,Tia Maria <sup>,</sup> <sup>Kahlua</sup> <sub>,Crème de Café Schula,Fruko-</sub>,,A,,single-choice,117-4專二試題\auto\117-4專二試題.md#q44,needs-review,FALSE,
mock-p2-r4-y107-q045,p2,4,107,45,,,有關Mint Frappe的調製過程，下列敘述何者正確？,使用 Martini Glass 盛裝,遞給客人時，不需附上 Coaster,準備 Cherry Stick,操作 Blender 製作碎冰,,D,,single-choice,117-4專二試題\auto\117-4專二試題.md#q45,needs-review,FALSE,
mock-p2-r4-y107-q046,p2,4,107,46,,,1818 Bar 提供多款的人氣 Cocktail，其中包括【Screwdriver、Bloody Mary、Kamikaze】，以上準備材料時的相同之處為何？,Orange Slice,Old Fashioned Glass,Fresh Lemon Juice,Vodka,,D,,single-choice,117-4專二試題\auto\117-4專二試題.md#q46,needs-review,FALSE,
mock-p2-r4-y107-q047,p2,4,107,47,,,下列何者是調製 Mixed Drinks 常見的 Condiments？,Cinnamon、Tabasco、Salt,Syrup、Mint、Cola,Milk、Mint、Nutmeg,Lemon Juice、Egg、Sugar,,A,,single-choice,117-4專二試題\auto\117-4專二試題.md#q47,needs-review,FALSE,
mock-p2-r4-y107-q048,p2,4,107,48,,,裝有雞尾酒心臟之稱且有利尿功能的Short Drinks為：,Gin Fizz,New York,Pink Lady,Black Russian,,C,,single-choice,117-4專二試題\auto\117-4專二試題.md#q48,needs-review,FALSE,
mock-p2-r4-y107-q049,p2,4,107,49,,,有關書本型Drink List 的敘述，下列何者正確？,常見於西餐廳，Cocktail 以 By Bottle 的方式供應,House Wine 適合推薦客人搭配各式佳餚,編號是為了方便員工填寫 Captain Order,內頁固定附上 Promotional Card,,B,,single-choice,117-4專二試題\auto\117-4專二試題.md#q49,needs-review,FALSE,
mock-p2-r4-y107-q050,p2,4,107,50,,,有關 Wine Service 的敘述，下列何者正確？,主要由 Bartender 提供服務,陳年紅酒易有 Sediments 可用酒籃開瓶,Riesling 適飲溫度應在 4\~7°C,"需事先於客桌擺放杯墊再進行放置酒杯及倒酒的服務

![](images/37837bd1ca7e3fdc26de11e9d472489645a43bae7ecb12fdcb6961e6b23c299f.jpg)",,B,,single-choice,117-4專二試題\auto\117-4專二試題.md#q50,needs-review,FALSE,
mock-p2-r5-y107-q001,p2,5,107,1,,,有關餐飲從業人員的職稱與職責之說明，下列何者不正確？,Barman：負責飲料調製，不負責端送飲料給客人,Chef d'Etage：負責端送客房餐飲至客房內,Butcher：負責現場切割燒烤大塊肉類,Expenditer：又稱為Runner，負責將點菜單送到廚房內，將菜餚自廚房端送到餐廳服務檯上，再由服務員送至餐桌，將殘盤送回廚房,,C,,single-choice,117-5專二試題\auto\117-5專二試題.md#q1,needs-review,FALSE,
mock-p2-r5-y107-q002,p2,5,107,2,,,餐廳的餐飲設備眾多，各有不同功能與用途，有關餐飲設備的介紹，下列說明何者不正確？,若是100×100公分的方桌，而二邊檯布下垂共距離60公分，則方檯布的大小應為160×160公分,摺疊桌(Collapsible Table)是指大小約爲90 cm×90 cm方桌，需要時，可將四弧形邊打開，方桌即變圓桌,IBM國際標準會議桌的尺寸有180cm×45 cm、180 cm×60 cm 以及180 cm×90 cm三種，分別適用於宴會廳的會議桌、西餐餐檯以及客用餐桌、接待桌等,75 cm×75 cm的方桌，又稱為Deuce，通常設於咖啡廳或速食業，屬於小型方桌，可提高座位的使用率 A,,B,,single-choice,117-5專二試題\auto\117-5專二試題.md#q2,needs-review,FALSE,
mock-p2-r5-y107-q003,p2,5,107,3,,,有關餐廳的各種服勤設備，下列哪些不適合用在客房餐飲服務？①Tray Stand ②Service Trolley ③Room Service Trolley ④Side board ⑤Mobile Dish Trolley,①③④,②⑤,②④⑤,④⑤,,D,,single-choice,117-5專二試題\auto\117-5專二試題.md#q3,needs-review,FALSE,
mock-p2-r5-y107-q004,p2,5,107,4,,,依照現代式西餐上菜原則，下列菜餚的上菜順序何者正確？ ①Sherbet ②Fish ③Hot Appetizer ④Cold Appetizer ⑤Soup ⑥Cheese ⑦Dessert ⑧Meat with Vegetable ⑨Beverage,④⑤③②①⑧⑥⑦⑨,⑤④③①②⑥⑧⑦⑨,④⑤③②①⑥⑧⑨⑦,⑤④③②①⑧⑦⑥⑨,,A,,single-choice,117-5專二試題\auto\117-5專二試題.md#q4,needs-review,FALSE,
mock-p2-r5-y107-q005,p2,5,107,5,,,有關中餐上菜的原則，下列哪些正確？①先鹹後甜 ②先淡後濃 ③先冷荣後熱菜 ④先普通食材、後質佳昂貴食材⑤先酒後菜 ⑥先炒後燒 ⑦先蒸後燒 ⑧先湯菜後乾菜,①②③⑤⑥,①②③④⑤⑥,①②③④⑤⑥⑦,①②③④⑤⑥⑦⑧,,A,,single-choice,117-5專二試題\auto\117-5專二試題.md#q5,needs-review,FALSE,
mock-p2-r5-y107-q006,p2,5,107,6,,,"依據下列點菜單的菜單內容，判斷哪一位賓客是印度教徒？

<table><tr><td rowspan=1 colspan=2>Table Plan</td></tr><tr><td rowspan=1 colspan=1>",娜簾</td><td rowspan=1 colspan=1>,子魚</td></tr><tr><td rowspan=1 colspan=1>Roasted Pork LionChocolate Ice-cream</td><td rowspan=1 colspan=1>Creamy mushroom soupShrimp saladSirloin SteakCoffee</td></tr><tr><td rowspan=1 colspan=1>,致校</td><td rowspan=1 colspan=1>,多嫻</td></tr><tr><td rowspan=1 colspan=1>Seabass consommé with vegetable julienneItalian bolognese</td><td rowspan=1 colspan=1>Fresh vegetable saladCream tomato soup with ginBaked Cod with CheeseChocolate Pie</td></tr></table>,,D,,single-choice,117-5專二試題\auto\117-5專二試題.md#q6,needs-review,FALSE,
mock-p2-r5-y107-q007,p2,5,107,7,,,有關西餐長桌席次安排，若賓主成對，男女主人兩端 對坐的情況下(如圖(一))，男主人與男賓客皆吃雞腿 而女主人與女賓客皆吃魚排，則下列何者錯誤？,1 號席次吃雞腿,2 號席次吃魚排,3 號席次吃雞腿 圖(一),"5 號席次吃雞腿

![](images/be5fc8f6577b9e71c270f6e88136b5a45e13c8cc55708ea96a396f993fa726cb.jpg)",,D,,single-choice,117-5專二試題\auto\117-5專二試題.md#q7,needs-review,FALSE,
mock-p2-r5-y107-q008,p2,5,107,8,,,有關營業前的準備工作項目與工作內容之說明，下列何者錯誤？,House work：指餐廳的清潔工作，包括場地與設備的清潔,Service Mise en Place 是指服務區的準備，例如：餐具、布巾整理及餐桌擺設,Guest Mise en Place 是指用餐區的準備，例如：檯布舖設及口布摺疊,Briefing：是指餐前會報，包括工作檢核、服務前會議、訂位確認,,B,,single-choice,117-5專二試題\auto\117-5專二試題.md#q8,needs-review,FALSE,
mock-p2-r5-y107-q009,p2,5,107,9,,,下列哪一種托盤的操作方式可能出現於宴會、西餐、客房餐飲服務等服勤的過程中，而且有時會搭配服務架使用？,夾取體積較小，例如青豆仁、玉米粒等時，先將服務匙將菜餚鏟起，然後叉齒朝下，壓住菜餚,體積較大，圓形且硬的食物，例如紅蘿蔔、馬鈴薯等，叉齒朝下，服務匙朝上,旁桌服務多以雙手操作分叉匙，左叉右匙,體積較大且柔軟易碎的魚排、恩利蛋，可使用兩支服務叉,,A,,single-choice,117-5專二試題\auto\117-5專二試題.md#q9,needs-review,FALSE,
mock-p2-r5-y107-q011,p2,5,107,11,,,有關特殊菜餚單點的餐具使用，下列何者不正確？,Sirloin Steak：左側餐叉、右側牛排刀,Spaghetti：左側餐叉、右側餐匙,Bouillabaisse：左側魚叉、右側魚刀(內)、橢圓湯匙(外),Foie Gras：小叉、小匙,,B,,single-choice,117-5專二試題\auto\117-5專二試題.md#q11,needs-review,FALSE,
mock-p2-r5-y107-q012,p2,5,107,12,,,有關各種餐飲服務方式的說明或比較，下列何者不正確？,Carry Out Service 指顧客不必下車就能得到餐飲服務,Cabin Catering Service 指機艙的餐飲服務方式,Institutional Food Service 指的是團體膳食服務,Mobile Canteen Service是指由貨車改造的流動餐車，例如：早餐餐車,,B,,single-choice,117-5專二試題\auto\117-5專二試題.md#q12,needs-review,FALSE,
mock-p2-r5-y107-q014,p2,5,107,14,,,宴會服務有許多專業與細節，有關宴會服務的說明，下列何者不正確？,飯店內的宴會廳，英文稱為 Ballroom,Luncheon是指午宴，多在中午十二點至下午二點之間舉行(C通常式收位訂金安訂一位服的\~2%,,,,D,,single-choice,117-5專二試題\auto\117-5專二試題.md#q14,needs-review,FALSE,
mock-p2-r5-y107-q015,p2,5,107,15,,,下列四位業餘品酒愛好者，分別對於葡萄酒服勤有不同的見解，請問哪一位的看法並不正確？,陳橘說：一般紅酒在展示驗酒後，即可開瓶，就是一面醒酒一面調溫,陳其賣說：通常白酒或玫瑰紅酒會從冰桶取出擦拭後，在餐桌上開瓶，不必醒酒,楊秋星說：愈陳年的紅酒，需要醒酒的時間愈短,韓國魚說：陳年紅酒含單寧較多，飲用前20\~30分鐘在酒籃開瓶，即「醒酒」,,C,,single-choice,117-5專二試題\auto\117-5專二試題.md#q15,needs-review,FALSE,
mock-p2-r5-y107-q016,p2,5,107,16,,,有關中餐服務流程的說明與細節，下列何者不正確？,「叫菜」是指服務員在點完菜，將點菜單送進廚房，廚房著手準備烹調,「走菜」是指顧客準備開始用餐，服務員通知廚房，立刻完成烹調最後手續,中餐服務菜餚的程序為傳菜→上菜→秀菜→分菜,分菜的步驟是先分主菜→分配菜→淋湯汁→加佐料,,D,,single-choice,117-5專二試題\auto\117-5專二試題.md#q16,needs-review,FALSE,
mock-p2-r5-y107-q017,p2,5,107,17,,,餐飲作業場所可分成污染區、準清潔區及清潔區，請問下列食材、物品或成品屬於清潔區的有幾種？①乾貨 ②清洗中的餐具 ③香煎魚排 ④外带餐盒⑤未烹調的蔬菜 ⑥水果拼盤 ⑦尚未切片的煙燻火腿,2 種,3 種,4 種,5 種,,B,,single-choice,117-5專二試題\auto\117-5專二試題.md#q17,needs-review,FALSE,
mock-p2-r5-y107-q018,p2,5,107,18,,,當商品容器上標示如圖(二)，表示民眾須作回收之意，四個逆向箭頭代表資源回收四合一制度，下列何者不是箭頭代表的意義？,社區民眾,地方政府,供應商,"回收基金及回收商

![](images/68778952834747975355b611c23f2f10d6984ab32af2e800a74634f0d4b468fc.jpg)  
圖(二) 画(一)",,C,,single-choice,117-5專二試題\auto\117-5專二試題.md#q18,needs-review,FALSE,
mock-p2-r5-y107-q019,p2,5,107,19,,,有關火災的應變處理，下列敘述何者不正確？,離地面距離愈高，其溫度愈高，離地30公分處，仍有新鮮空氣，故探低姿勢沿牆面距離爬行到逃生門,油脂燃燒著火，切勿用水去撲救,炒菜時油鍋起火，不可蓋上鍋蓋，盡快使用乾抹布覆蓋滅火,一氧化碳與濃煙是火災的第一殺手，一般房門有30分鐘\~2小時的防火時效，只要將門關緊，火是不會馬上侵襲進來的。但煙是無孔不入，所以必須設法將門縫塞住,,C,,single-choice,117-5專二試題\auto\117-5專二試題.md#q19,needs-review,FALSE,
mock-p2-r5-y107-q020,p2,5,107,20,,,金碩珍計畫利用放假時出國到海邊或森林區渡假，並入住有大自然美麗景緻的客房，下列房間型態中，符合金碩珍渡假需求的有幾種？①Executive Suite ②Barrier-free Suite ③Group Room ④Lanai ⑤Lodge,1 種,2 種,3 種,4種,,B,,single-choice,117-5專二試題\auto\117-5專二試題.md#q20,needs-review,FALSE,
mock-p2-r5-y107-q021,p2,5,107,21,,,下列客房的布巾及備品中，無須天天更換的有幾種？①Bad Pad ②Bed Sheet ③Bedspread ④Bed Skirt⑤Blanket ⑥Pillow Case ⑦Foot Mat ⑧ Yukata,3 種,4 種,5 種,6 種,,B,,single-choice,117-5專二試題\auto\117-5專二試題.md#q21,needs-review,FALSE,
mock-p2-r5-y107-q022,p2,5,107,22,,,下列哪些客房內的設備、器具或備品是屬於消耗品，有些可供客人帶走？①Stopper ②Mineral Water ③Coaster ④Hair Dryer ⑤Lotion ⑥Razer ⑦Vase,②③⑤⑥,①②③⑤⑥,①②③⑤⑥⑦,①②③④⑤⑥⑦,,A,,single-choice,117-5專二試題\auto\117-5專二試題.md#q22,needs-review,FALSE,
mock-p2-r5-y107-q023,p2,5,107,23,,,下列哪一種報表不是房務人員應該領取並熟悉的責任區域？,Room Status,Room Daily Report,Housekeeping Room Report,No Show List,,D,,single-choice,117-5專二試題\auto\117-5專二試題.md#q23,needs-review,FALSE,
mock-p2-r5-y107-q024,p2,5,107,24,,,下列四位貴賓分別入住客房的狀態不同，請依據四位的住房狀態來排定誰優先整理房間？①小小瑜已辦理遷入，但房間尚未清潔 ②周紫瑜在房門口掛上「清掃客房」的牌子③宋處瑜是續住的房客 ④韓幗瑜住宿已超過二週,小小瑜,周紫瑜,宋處瑜,韓幗瑜,,A,,single-choice,117-5專二試題\auto\117-5專二試題.md#q24,needs-review,FALSE,
mock-p2-r5-y107-q025,p2,5,107,25,,,飯店可接受多種的付款方式，有關外幣付款方式，下列依變現率由高至低排列爲何？①Cash ②Credit Card ③Foreign Currency ④Travel Check⑤House Ledger ⑥City Ledger ⑦Personal Check,①②③④⑤⑥⑦,①②③④⑤⑦⑥,①③②④⑤⑥⑦,①③②⑤④⑥⑦,,C,,single-choice,117-5專二試題\auto\117-5專二試題.md#q25,needs-review,FALSE,
mock-p2-r5-y107-q026,p2,5,107,26,,,每天樓層領班負責檢查房務員打掃整理的房間，有關檢查客房的說明，下列何者不正確？,檢視客房順序為遷出房→續住房→空房,依客房檢查表逐項檢查，檢查設備器具功能和備品數量,房間內分區檢查時，依起居室、臥室、浴室等，由上而下，由外而內，環形動線檢查,有些飯店會要求樓層領班，下班前還要進行樓層巡樓，以確保客房正常狀態,,C,,single-choice,117-5專二試題\auto\117-5專二試題.md#q26,needs-review,FALSE,
mock-p2-r5-y107-q027,p2,5,107,27,,,飯店客房內地面、牆面的清潔整理實屬不易，有很多細節及手法需注意，有關客房地面、牆面的清潔整理之說明，下列何者不正確？,地面污漬的處理為先剔除污物，再用除蠟劑、清潔劑或地板蠟清理，其步驟為掃地拖地→打蠟→拋光→除蠟,地毯污漬是使用乾洗溶劑或地毯專用清洗劑洗淨，以刷子清刷地毯,壁紙微塵是以除塵刷除去，不可使用抹布擦拭,家具灰塵的清潔是以抹布先溼擦→再擦乾→乾抹布噴蠟→打圓擦亮,,A,,single-choice,117-5專二試題\auto\117-5專二試題.md#q27,needs-review,FALSE,
mock-p2-r5-y107-q028,p2,5,107,28,,,有關開夜床服務的內容，下列何者不屬之？①調整空調溫度 ②送上餐後水果③在床頭櫃放置晚安糖 ④擺放足布，上置拖鞋⑤拉開窗簾至兩側 ⑥開啓床頭燈⑦將床單與毛毯或羽絨被一起翻摺成約30\~45度的三角形,②,①②⑤⑥,②⑤⑥,②⑤,,D,,single-choice,117-5專二試題\auto\117-5專二試題.md#q28,needs-review,FALSE,
mock-p2-r5-y107-q029,p2,5,107,29,,,黑人范范一家四口入住智業大酒店渡假，其房間房型爲Twin Double Room，請問隔天房務員應送至布巾室清洗的布巾有哪些，數量爲多少？,4張床單、2張被套、8個枕套,2張床單、2張被套、8個枕套,2張床單、2張被套、4個枕套、2條床旗,2張床單、2張被套、8個枕套、2張清潔衛生墊,,B,,single-choice,117-5專二試題\auto\117-5專二試題.md#q29,needs-review,FALSE,
mock-p2-r5-y107-q030,p2,5,107,30,,,當住客有換房需求，而進行更換房間時，哪一位飯店職務不是其協助的人員？,Front Desk Clerk,Bell Man,Housekeeper,Office Clerk,,D,,single-choice,117-5專二試題\auto\117-5專二試題.md#q30,needs-review,FALSE,
mock-p2-r5-y107-q031,p2,5,107,31,,,有關遺失物品招領服務的說明，下列何者不正確？,房務員整理房間發現遺留物時，通知房務辦公室，由房務辦公室聯絡大廳櫃檯，請櫃檯聯繫住客,未經住客同意時，不可擅自寄還或交由親友處理,按國際慣例，房務辦公室保管失物爲一年,房務辦公室會塡寫遺失物品記錄簿，貴重遺留物品放在房務辦公室的保險箱內保存,,C,,single-choice,117-5專二試題\auto\117-5專二試題.md#q31,needs-review,FALSE,
mock-p2-r5-y107-q032,p2,5,107,32,,,下列何者不屬於飯店公共區域清潔組負責的工作項目？,客用電梯的例行保養及檢修,大廳冷氣出風口的清潔及擦拭,玻璃門窗、鏡面、家具、欄杆、樓梯扶手的擦拭,員工休息室的整理及清潔,,A,,single-choice,117-5專二試題\auto\117-5專二試題.md#q32,needs-review,FALSE,
mock-p2-r5-y107-q033,p2,5,107,33,,,餐廳廚房的火警偵測器應安裝哪一種類型的探測器較為合適？,差動式探測器,定温式探测器,偵煙式探測器,"紅外線式探測器

## 第二部分：飲料與調酒",,B,,single-choice,117-5專二試題\auto\117-5專二試題.md#q33,needs-review,FALSE,
mock-p2-r5-y107-q034,p2,5,107,34,,,有關飲料的分類及特性之說明，下列何者不正確？,茶樹適合在溫暖潮濕的亞熱帶，溫度18\~25度，一般溫度低的地區，產量少，但品質較好,"生長在年雨量1,500\~1,800公釐以上，不超過3,000公釐，濕度75%\~85%","一般栽種在海拔1,000公尺以上的茶，稱為「高山茶」，海拔高，所產出的茶葉十分柔嫩，香氣濃郁，其品質較好",日照充足，單寧含量增加，適合製成綠茶；日照較少，單寧含量減少，適合製成紅茶,,C,,single-choice,117-5專二試題\auto\117-5專二試題.md#q34,needs-review,FALSE,
mock-p2-r5-y107-q036,p2,5,107,36,,,茶類因製作過程不同，可分成不酵茶、部份酵茶以及全醗酵茶，下列茶類屬於部份酸酵茶的有幾種？①珠茶 ②玉露茶 ③龍井茶④碧螺春 ⑤眉茶⑥白毫鳥龍 ⑦珠露茶 ⑧阿薩姆 ⑨鐵觀音,2 種,3 種,4 種,5 種,,B,,single-choice,117-5專二試題\auto\117-5專二試題.md#q36,needs-review,FALSE,
mock-p2-r5-y107-q037,p2,5,107,37,,,花草茶常因爲特性及效果而有代表性的別稱，有關花草茶的說明與別稱，下列何者不正確？,迷迭香又稱爲海中之露，羅馬人認爲是一種神聖的草，具濃郁的胡椒及松木、樟樹的清雅芳香，有加強心臟機能及安眠之功效,百里香又稱為普羅旺斯的恩惠，有安定神經、消除疲勞、預防感冒之功效,馬鞭草是諸神獻給維納斯的禮物，氣味香醇，有降血壓、減輕關節肌肉痠痛之功效,洋甘菊又稱為大地的蘋果，別名黃金菊，氣息香氣宛如蘋果，有消除頭痛、幫助消化之功效,,C,,single-choice,117-5專二試題\auto\117-5專二試題.md#q37,needs-review,FALSE,
mock-p2-r5-y107-q038,p2,5,107,38,,,有關阿拉比卡咖啡品種與羅布斯塔咖啡品種的比較，下列何者不正確？,阿拉比卡種在高海拔約800\~2000 公尺的高原山坡地,羅布斯塔耐高溫、耐寒、耐旱及耐濕,羅布斯塔味道較有個性，多於混合調配、即溶咖啡,豆形較大、較圓的是阿拉比卡種,,D,,single-choice,117-5專二試題\auto\117-5專二試題.md#q38,needs-review,FALSE,
mock-p2-r5-y107-q039,p2,5,107,39,,,手沖大師王策推薦了一款單品咖啡名為耶加雪菲，他說這款咖啡的產地是最早發現阿拉比卡咖啡樹的地方，其咖啡產區位於南部的西達莫省(Sidamo)，生產全球知名的高品質咖啡豆，其香氣芬芳，口感兼具水果香(柑橘、檸檬)和茉莉般的花香，請問這款耶加雪菲單品的產地在哪一個國家？,衣索比亞,巴西,,葉門,,A,,single-choice,117-5專二試題\auto\117-5專二試題.md#q39,needs-review,FALSE,
mock-p2-r5-y107-q040,p2,5,107,40,,,"有關影響咖啡因含量的項目，下列何者不正確？

<table><tr><td rowspan=2 colspan=2>項目</td><td rowspan=1 colspan=2>咖啡因含量</td></tr><tr><td rowspan=1 colspan=1>多</td><td rowspan=1 colspan=1>少</td></tr><tr><td rowspan=1 colspan=1>",</td><td rowspan=1 colspan=1>萃取時間</td><td rowspan=1 colspan=1>長</td><td rowspan=1 colspan=1>短</td></tr><tr><td rowspan=1 colspan=1>,</td><td rowspan=1 colspan=1>研磨程度</td><td rowspan=1 colspan=1>細</td><td rowspan=1 colspan=1>粗</td></tr><tr><td rowspan=1 colspan=1>,</td><td rowspan=1 colspan=1>烘焙程度</td><td rowspan=1 colspan=1>輕  O</td><td rowspan=1 colspan=1>重   </td></tr><tr><td rowspan=1 colspan=1>,</td><td rowspan=1 colspan=1>水溫</td><td rowspan=1 colspan=1>低</td><td rowspan=1 colspan=1>高</td></tr></table>,,D,,single-choice,117-5專二試題\auto\117-5專二試題.md#q40,needs-review,FALSE,
mock-p2-r5-y107-q041,p2,5,107,41,,,將滅菌之鮮乳於低溫真空狀態下，濃縮減少60%的水分後，裝罐密封之，又稱爲蒸發奶的是哪一種乳製品？,無糖煉乳,奶粉,保久乳,飞酵乳,,A,,single-choice,117-5專二試題\auto\117-5專二試題.md#q41,needs-review,FALSE,
mock-p2-r5-y107-q042,p2,5,107,42,,,有關下列四種水果的營養成分及特性，何者不正確？,奇異果本名獼猴桃，原產中國，是紐西蘭的國果，果肉分成金黃色和綠色兩種，含豐富的膳食纖維、礦物質鉀、磷、鈣、鎂等,酪梨有「活的維生素C結晶」之稱，含豐富的果糖、果酸、礦物質鉀及維生素C,蘋果有「果中之王」之稱，果皮營養價値高，果肉易與空氣產生酵素性褐變,香蕉在中南美洲地區的人稱為綠黃金，經濟價值高，其含有豐富的礦物質鉀、鎂、磷及維生素A和C等,,B,,single-choice,117-5專二試題\auto\117-5專二試題.md#q42,needs-review,FALSE,
mock-p2-r5-y107-q043,p2,5,107,43,,,下列酒類屬於氣泡葡萄酒的有哪些？①Vin Rose ②Cava ③Sekt ④Jerez⑤Ricard ⑥Sauternes,①②③④,②③④⑤,④⑤⑥,②③,,D,,single-choice,117-5專二試題\auto\117-5專二試題.md#q43,needs-review,FALSE,
mock-p2-r5-y107-q044,p2,5,107,44,,,有關四種威士忌的介紹，下列何者不正確？,愛爾蘭威士忌是釀製威士忌最早的國家,蘇格蘭威士忌是世界最大的威士忌生產國和消費國,加拿大威士忌屬於混合威士忌，混合好才陳年,波本威士忌和田納西威士忌是美國的威士忌,,B,,single-choice,117-5專二試題\auto\117-5專二試題.md#q44,needs-review,FALSE,
mock-p2-r5-y107-q045,p2,5,107,45,,,下列酒款與酒的品牌對應，正確的有幾個？①Whisky—Royal Salute ②Gin—Smirnoff ③Rum—Havana Club④Brandy—Macallan ⑤Rum—Chabot,新鮮水果除了可以做為材料，也能做爲裝飾物，切成圓片、角狀或只取水果皮,紅心橄欖是在橄欖中間夾入紅洋蔥頭，是搭配馬丁尼(Martini)等辛辣口感時的裝飾物,西洋芹去除纖維切成長條狀，可直接當攪拌棒，是調製血腥瑪莉(BloodyMary)不可或缺的裝飾物,在杯口沾上一圈細鹽，完成鹽口杯(Salty Rim)製作，或是沾一雪白的細砂糖即成糖口杯(Sugary Rim)，兩者均稱爲上霜,,B,,single-choice,117-5專二試題\auto\117-5專二試題.md#q45,needs-review,FALSE,
mock-p2-r5-y107-q048,p2,5,107,48,,,有關吧檯術語的解釋，下列何者不正確？,Time Me Up ：再附一杯冰水,Straight Up：純飲，酒中不加冰塊但是可以經過冰鎮，或飲料以冰塊冰鎮後濾出冰塊飲用,Single or Double：指單杯雞尾酒中的基酒為 1 份或 2 份,Scotch Mizuwali：水割，亦即威士忌加水,,A,,single-choice,117-5專二試題\auto\117-5專二試題.md#q48,needs-review,FALSE,
mock-p2-r5-y107-q049,p2,5,107,49,,,吧檯可分成前吧檯服務區(Front Bar)、工作檯操作區(Under Bar)以及後吧檯展示區(Back Bar)，下列哪些調酒器具或設備，通常設置在吧檯的工作檯操作區(Under Bar)？①杯架 ②搖酒器 ③飲水機 ④各類酒品 ⑤蘇打槍 ⑥吧檯椅 ⑦儲冰槽 ⑧冷藏櫃,①②⑤⑦,①②③⑦,①②④⑤⑥,①②⑦⑧,,A,,single-choice,117-5專二試題\auto\117-5專二試題.md#q49,needs-review,FALSE,
mock-p2-r5-y107-q050,p2,5,107,50,,,酒吧的類型眾多，有一種酒吧型態是非主人酒吧(No-Host Bar)，即在私人性質的宴會中，客人必須為所喝的每一杯飲料付錢，此種酒吧稱爲：,Lobby Bar,Cash Bar,Service Bar,"Open Bar

## 【以下空白】",,B,,single-choice,117-5專二試題\auto\117-5專二試題.md#q50,needs-review,FALSE,